,family,test,estimate,t,p,abs_t_equiv,m_family,p_holm,p_bh,sig_raw,sig_holm,sig_bh,pass_HLZ_t3
0,beta(반전·지속),daily US dev k=1 h=1,-0.067211013579307,-4.399156881230378,1.086722485186459e-05,4.399156881230378,84.0,0.0009128468875566256,0.0009128468875566256,True,True,True,True
1,적중률 vs 기준선,daily US dev k=1 h=1,-0.0206313696246582,-1.765106607510933,0.0775458503963137,1.765106607510933,84.0,1.0,0.2246155666651845,False,False,False,False
2,beta(반전·지속),daily US dev k=1 h=5,-0.015198538497836,-1.628093962463342,0.1035049635533723,1.628093962463342,84.0,1.0,0.4359674201351423,False,False,False,False
3,적중률 vs 기준선,daily US dev k=1 h=5,-0.0746083063914448,-4.174351154750305,2.9883652061443355e-05,4.174351154750305,84.0,0.002510226773161242,0.0010941726864923996,True,True,True,True
4,beta(반전·지속),daily US dev k=1 h=22,-0.0052751806537162,-1.059445666595925,0.2893968614527918,1.059445666595925,84.0,1.0,0.5653334037682445,False,False,False,False
5,적중률 vs 기준선,daily US dev k=1 h=22,-0.0849150849150849,-2.7437743454810324,0.0060737272935043,2.7437743454810324,84.0,0.4069397286647881,0.02744035248613596,True,False,True,False
6,beta(반전·지속),daily US dev k=5 h=1,-0.0614241440279587,-2.981295773422066,0.0028703142312618,2.981295773422066,84.0,0.23536576696346762,0.0803687984753304,True,False,False,False
7,적중률 vs 기준선,daily US dev k=5 h=1,-0.0372670807453416,-3.2731667340419266,0.0010634972237231,3.2731667340419266,84.0,0.0818892862266787,0.009648383729713527,True,False,True,True
8,beta(반전·지속),daily US dev k=5 h=5,-0.0596738238064745,-2.334413641720344,0.019574073161162,2.334413641720344,84.0,1.0,0.22793712778185088,True,False,False,False
9,적중률 vs 기준선,daily US dev k=5 h=5,-0.0686055182699478,-3.028080743199434,0.0024611231899809,3.028080743199434,84.0,0.1772008696786248,0.015902642150645817,True,False,True,True
10,beta(반전·지속),daily US dev k=5 h=22,-0.0212724588387121,-1.3336357941626145,0.1823232462095789,1.3336357941626145,84.0,1.0,0.4727983519705377,False,False,False,False
11,적중률 vs 기준선,daily US dev k=5 h=22,-0.0871193210184723,-2.349812076018963,0.0187828913793831,2.349812076018963,84.0,1.0,0.06574011982784085,True,False,False,False
12,beta(반전·지속),daily US dev k=22 h=1,-0.0479925950793186,-1.159649957119797,0.2461913524684432,1.159649957119797,84.0,1.0,0.529845538088899,False,False,False,False
13,적중률 vs 기준선,daily US dev k=22 h=1,-0.0491925465838509,-4.045985486210931,5.210346126154284e-05,4.045985486210931,84.0,0.0042203803621849705,0.0010941726864923996,True,True,True,True
14,beta(반전·지속),daily US dev k=22 h=5,-0.0087094586905352,-0.1660074036552394,0.868151123745728,0.1660074036552394,84.0,1.0,0.9296216155714546,False,False,False,False
15,적중률 vs 기준선,daily US dev k=22 h=5,-0.0723340790454884,-3.0698298264128523,0.0021418076947527,3.0698298264128523,84.0,0.15635196171694712,0.0149926538632689,True,False,True,True
16,beta(반전·지속),daily US dev k=22 h=22,-0.0690587064838921,-1.407690864778916,0.1592226280303925,1.407690864778916,84.0,1.0,0.4727983519705377,False,False,False,False
17,적중률 vs 기준선,daily US dev k=22 h=22,-0.0539191213180229,-1.242152200605141,0.2141804117752885,1.242152200605141,84.0,1.0,0.43880864851522516,False,False,False,False
18,beta(반전·지속),daily US test k=1 h=1,-0.0079516292091142,-0.355008871893549,0.7225829447829815,0.355008871893549,84.0,1.0,0.8697173495979055,False,False,False,False
19,적중률 vs 기준선,daily US test k=1 h=1,-0.0347705146036161,-1.8168211780166317,0.0692444989480089,1.8168211780166317,84.0,1.0,0.2077334968440267,False,False,False,False
20,beta(반전·지속),daily US test k=1 h=5,-0.0203992750985769,-1.316580744829052,0.1879791965814952,1.316580744829052,84.0,1.0,0.4727983519705377,False,False,False,False
21,적중률 vs 기준선,daily US test k=1 h=5,-0.0718270571827057,-2.4794375824696058,0.0131589759147758,2.4794375824696058,84.0,0.8158565067160997,0.04805886855831161,True,False,True,False
22,beta(반전·지속),daily US test k=1 h=22,-0.0097475094232363,-1.417793502835625,0.1562510616137597,1.417793502835625,84.0,1.0,0.4727983519705377,False,False,False,False
23,적중률 vs 기준선,daily US test k=1 h=22,-0.0839802399435427,-1.4640525845360468,0.1431795811984218,1.4640525845360468,84.0,1.0,0.3340856894629842,False,False,False,False
24,beta(반전·지속),daily US test k=5 h=1,-0.0318335346263123,-0.7919481812535306,0.428390891555233,0.7919481812535306,84.0,1.0,0.6542697252843559,False,False,False,False
25,적중률 vs 기준선,daily US test k=5 h=1,-0.0403337969401946,-1.927652560215628,0.0538983565321379,1.927652560215628,84.0,1.0,0.17610017824389074,False,False,False,False
26,beta(반전·지속),daily US test k=5 h=5,-0.0291646023757313,-0.7016670740820835,0.4828868112703419,0.7016670740820835,84.0,1.0,0.6874998668933682,False,False,False,False
27,적중률 vs 기준선,daily US test k=5 h=5,-0.0920502092050209,-2.630572446691792,0.0085241199384861,2.630572446691792,84.0,0.5370195561246243,0.03254663976512875,True,False,True,False
28,beta(반전·지속),daily US test k=5 h=22,-0.0069852294854722,-0.3158331639293519,0.7521291443728684,0.3158331639293519,84.0,1.0,0.8898429313707176,False,False,False,False
29,적중률 vs 기준선,daily US test k=5 h=22,-0.0938602681721948,-1.4106633700132685,0.1583438965871596,1.4106633700132685,84.0,1.0,0.3594834409005786,False,False,False,False
30,beta(반전·지속),daily US test k=22 h=1,0.0781590031587505,1.250498302066007,0.211117575187104,1.250498302066007,84.0,1.0,0.49552028268693316,False,False,False,False
31,적중률 vs 기준선,daily US test k=22 h=1,-0.0611961057023643,-2.926632455862713,0.003426535603499,2.926632455862713,84.0,0.23985749224493,0.019188599379594398,True,False,True,False
32,beta(반전·지속),daily US test k=22 h=5,0.0934445745004611,1.2311550315286406,0.2182648864216253,1.2311550315286406,84.0,1.0,0.49552028268693316,False,False,False,False
33,적중률 vs 기준선,daily US test k=22 h=5,-0.1269177126917712,-3.2370214312434564,0.0012078434051071,3.2370214312434564,84.0,0.0905882553830325,0.009648383729713527,True,False,True,True
34,beta(반전·지속),daily US test k=22 h=22,-0.0739095778877042,-0.9996939521593976,0.3174586397626256,0.9996939521593976,84.0,1.0,0.5925894608902346,False,False,False,False
35,적중률 vs 기준선,daily US test k=22 h=22,-0.0832745236414961,-1.052190567138245,0.2927121264065413,1.052190567138245,84.0,1.0,0.5463959692922105,False,False,False,False
36,beta(반전·지속),daily KR dev k=1 h=1,9.515318628725792e-05,0.0058984944034004,0.9952937096739546,0.0058984944034004,84.0,1.0,0.9952937096739545,False,False,False,False
37,적중률 vs 기준선,daily KR dev k=1 h=1,-0.0435884439939178,-3.483654472065899,0.0004946175983699,3.483654472065899,84.0,0.0390747902712221,0.0069246463771786,True,True,True,True
38,beta(반전·지속),daily KR dev k=1 h=5,0.0140071691009189,1.3490712766509627,0.1773140731440048,1.3490712766509627,84.0,1.0,0.4727983519705377,False,False,False,False
39,적중률 vs 기준선,daily KR dev k=1 h=5,-0.0636248415716096,-3.382551172176873,0.0007181589689339,3.382551172176873,84.0,0.0560163995768442,0.0086179076272068,True,False,True,True
40,beta(반전·지속),daily KR dev k=1 h=22,0.0034108086796017,0.5973647943539014,0.5502638533157841,0.5973647943539014,84.0,1.0,0.7455187690084817,False,False,False,False
41,적중률 vs 기준선,daily KR dev k=1 h=22,-0.0272403258655804,-0.8334272940132169,0.4046037867384231,0.8334272940132169,84.0,1.0,0.6664062369809323,False,False,False,False
42,beta(반전·지속),daily KR dev k=5 h=1,-0.0192421506986966,-0.8540488609875175,0.3930779171392551,0.8540488609875175,84.0,1.0,0.6330603486741242,False,False,False,False
43,적중률 vs 기준선,daily KR dev k=5 h=1,-0.0341858698404659,-2.7856701353137834,0.0053417199605992,2.7856701353137834,84.0,0.3632369573207456,0.026394380981784284,True,False,True,False
44,beta(반전·지속),daily KR dev k=5 h=5,0.0043118402231292,0.1666648544171063,0.8676337608003131,0.1666648544171063,84.0,1.0,0.9296216155714546,False,False,False,False
45,적중률 vs 기준선,daily KR dev k=5 h=5,-0.0653495440729483,-2.876814918230239,0.0040171113474399,2.876814918230239,84.0,0.2771806829733531,0.021089834574059475,True,False,True,False
46,beta(반전·지속),daily KR dev k=5 h=22,-0.0102455636606908,-0.662006562620363,0.5079670158485099,0.662006562620363,84.0,1.0,0.6994955628077841,False,False,False,False
47,적중률 vs 기준선,daily KR dev k=5 h=22,-0.0206054439074027,-0.5793171946242267,0.5623751655065073,0.5793171946242267,84.0,1.0,0.8435627482597611,False,False,False,False
48,beta(반전·지속),daily KR dev k=22 h=1,0.0058433118037617,0.1441855899541075,0.8853539195918615,0.1441855899541075,84.0,1.0,0.9296216155714546,False,False,False,False
49,적중률 vs 기준선,daily KR dev k=22 h=1,-0.0465940744492276,-3.631669066538463,0.0002815940829586,3.631669066538463,84.0,0.022527526636688,0.00473078059370448,True,True,True,True
50,beta(반전·지속),daily KR dev k=22 h=5,0.0064045367645871,0.1232765989815284,0.9018880707807256,0.1232765989815284,84.0,1.0,0.9352913326614933,False,False,False,False
51,적중률 vs 기준선,daily KR dev k=22 h=5,-0.0625633232016211,-2.730617995711727,0.0063215698827943,2.730617995711727,84.0,0.41722361226442384,0.02744035248613596,True,False,True,False
52,beta(반전·지속),daily KR dev k=22 h=22,-0.0314599974353297,-0.7084588467765344,0.4786603596798783,0.7084588467765344,84.0,1.0,0.6874998668933682,False,False,False,False
53,적중률 vs 기준선,daily KR dev k=22 h=22,-0.0127194098193843,-0.3454262659121752,0.7297739336494287,0.3454262659121752,84.0,1.0,0.8744617542391454,False,False,False,False
54,beta(반전·지속),daily KR test k=1 h=1,0.0269931102362201,1.1447628722521246,0.2523073990899519,1.1447628722521246,84.0,1.0,0.529845538088899,False,False,False,False
55,적중률 vs 기준선,daily KR test k=1 h=1,-0.0599144079885877,-2.940445185677218,0.0032774098403334,2.940445185677218,84.0,0.23269609866367139,0.019188599379594398,True,False,True,False
56,beta(반전·지속),daily KR test k=1 h=5,0.0137820120058766,0.7354849658144362,0.462044192791732,0.7354849658144362,84.0,1.0,0.6809072314825524,False,False,False,False
57,적중률 vs 기준선,daily KR test k=1 h=5,-0.0515021459227467,-1.501024551381284,0.133349211549589,1.501024551381284,84.0,1.0,0.3294509932401611,False,False,False,False
58,beta(반전·지속),daily KR test k=1 h=22,-0.0143741255955101,-1.7173176778909356,0.0859211437737032,1.7173176778909356,84.0,1.0,0.400965337610615,False,False,False,False
59,적중률 vs 기준선,daily KR test k=1 h=22,0.0202751629254163,0.4589798424021112,0.6462486415271623,0.4589798424021112,84.0,1.0,0.8597643744864243,False,False,False,False
60,beta(반전·지속),daily KR test k=5 h=1,0.05979032040688,1.4693527298425169,0.1417371415374779,1.4693527298425169,84.0,1.0,0.4727983519705377,False,False,False,False
61,적중률 vs 기준선,daily KR test k=5 h=1,-0.0620542082738944,-2.6818129498749537,0.0073224389611499,2.6818129498749537,84.0,0.4686360935135936,0.029289755844599603,True,False,True,False
62,beta(반전·지속),daily KR test k=5 h=5,0.0502776175051554,1.121351046321144,0.2621384650581568,1.121351046321144,84.0,1.0,0.5370641723142725,False,False,False,False
63,적중률 vs 기준선,daily KR test k=5 h=5,-0.0515021459227467,-1.3292912446907774,0.183751901674728,1.3292912446907774,84.0,1.0,0.40618841422834606,False,False,False,False
64,beta(반전·지속),daily KR test k=5 h=22,0.010516001149387,0.3520984137044437,0.7247644579982546,0.3520984137044437,84.0,1.0,0.8697173495979055,False,False,False,False
65,적중률 vs 기준선,daily KR test k=5 h=22,-0.0094134685010861,-0.2088193669399783,0.8345892519853293,0.2088193669399783,84.0,1.0,0.9558526914018197,False,False,False,False
66,beta(반전·지속),daily KR test k=22 h=1,0.0864694497586254,1.1932204729390057,0.2327830386954485,1.1932204729390057,84.0,1.0,0.5145730329057283,False,False,False,False
67,적중률 vs 기준선,daily KR test k=22 h=1,-0.0627674750356633,-2.719735403440791,0.0065334172586038,2.719735403440791,84.0,0.424672121809247,0.02744035248613596,True,False,True,False
68,beta(반전·지속),daily KR test k=22 h=5,0.0013268295088848,0.0139464807900127,0.988872679019963,0.0139464807900127,84.0,1.0,0.9952937096739545,False,False,False,False
69,적중률 vs 기준선,daily KR test k=22 h=5,-0.0357653791130186,-0.9583188997710956,0.337901976345644,0.9583188997710956,84.0,1.0,0.591328458604877,False,False,False,False
70,beta(반전·지속),daily KR test k=22 h=22,-0.0876195206784025,-1.069041959250123,0.285050762929084,1.069041959250123,84.0,1.0,0.5653334037682445,False,False,False,False
71,적중률 vs 기준선,daily KR test k=22 h=22,0.0427226647356987,0.763252533445816,0.4453128042665326,0.763252533445816,84.0,1.0,0.7193514530459372,False,False,False,False
72,beta(반전·지속),60m US index k=1 h=1,0.0130002049558054,0.3682118210390138,0.7127152966831175,0.3682118210390138,84.0,1.0,0.8697173495979055,False,False,False,False
73,적중률 vs 기준선,60m US index k=1 h=1,0.0180555555555555,0.6591250981379202,0.5098154400811294,0.6591250981379202,84.0,1.0,0.7930462401262014,False,False,False,False
74,beta(반전·지속),60m US panel k=1 h=1,-0.0013806751109234,-0.145197602455831,0.8845548588383416,0.145197602455831,84.0,1.0,0.9296216155714546,False,False,False,False
75,적중률 vs 기준선,60m US panel k=1 h=1,-0.0140589569160997,-1.9098261652112745,0.0561555991909097,1.9098261652112745,84.0,1.0,0.17610017824389074,False,False,False,False
76,beta(반전·지속),60m US index k=1 h=5,0.004587557791011,0.210139391831444,0.8335588815677216,0.210139391831444,84.0,1.0,0.9296216155714546,False,False,False,False
77,적중률 vs 기준선,60m US index k=1 h=5,-0.0349162011173184,-0.846056851961524,0.3975210296660537,0.846056851961524,84.0,1.0,0.6664062369809323,False,False,False,False
78,beta(반전·지속),60m US panel k=1 h=5,-0.0137273074713494,-2.1696692733476795,0.0300319093746518,2.1696692733476795,84.0,1.0,0.2802978208300835,True,False,False,False
79,적중률 vs 기준선,60m US panel k=1 h=5,8.208870140235345e-05,0.0060091439349895,0.9952054256858422,0.0060091439349895,84.0,1.0,1.0,False,False,False,False
80,beta(반전·지속),60m US index k=5 h=1,-0.0238772434793499,-0.3870556558877674,0.6987150053572772,0.3870556558877674,84.0,1.0,0.8697173495979055,False,False,False,False
81,적중률 vs 기준선,60m US index k=5 h=1,-0.0097765363128491,-0.3769173572814225,0.7062350218995628,0.3769173572814225,84.0,1.0,0.8597643744864243,False,False,False,False
82,beta(반전·지속),60m US panel k=5 h=1,-0.0258683328485469,-1.317772595475978,0.1875797843503821,1.317772595475978,84.0,1.0,0.4727983519705377,False,False,False,False
83,적중률 vs 기준선,60m US panel k=5 h=1,-0.0044350701174324,-0.6061922843317215,0.54438707571516,0.6061922843317215,84.0,1.0,0.8314275338195171,False,False,False,False
84,beta(반전·지속),60m US index k=5 h=5,-0.0010222294997103,-0.0194384804492196,0.9844913132414868,0.0194384804492196,84.0,1.0,0.9952937096739545,False,False,False,False
85,적중률 vs 기준선,60m US index k=5 h=5,-0.0660112359550561,-1.5133360812640342,0.1301943120622159,1.5133360812640342,84.0,1.0,0.3294509932401611,False,False,False,False
86,beta(반전·지속),60m US panel k=5 h=5,-0.0383609402211616,-1.8204684740831236,0.0686876929991213,1.8204684740831236,84.0,1.0,0.36061038824538677,False,False,False,False
87,적중률 vs 기준선,60m US panel k=5 h=5,-0.0021290988305434,-0.143586522079051,0.8858269841850402,0.143586522079051,84.0,1.0,0.9558526914018197,False,False,False,False
88,beta(반전·지속),60m KR index k=1 h=1,-0.0500059846807501,-1.3418303715755304,0.1796510021255147,1.3418303715755304,84.0,1.0,0.4727983519705377,False,False,False,False
89,적중률 vs 기준선,60m KR index k=1 h=1,8.673617379884035e-19,3.384027908790783e-17,1.0,3.384027908790783e-17,84.0,1.0,1.0,False,False,False,False
90,beta(반전·지속),60m KR panel k=1 h=1,-0.0032134426362483,-0.2894971138159657,0.7722009882263405,0.2894971138159657,84.0,1.0,0.9009011529307307,False,False,False,False
91,적중률 vs 기준선,60m KR panel k=1 h=1,-0.0287291918142772,-3.2241484525549007,0.0012634788217482,3.2241484525549007,84.0,0.0934974328093668,0.009648383729713527,True,False,True,True
92,beta(반전·지속),60m KR index k=1 h=5,-0.045928006412548,-2.2954334208981537,0.0217082978839858,2.2954334208981537,84.0,1.0,0.22793712778185088,True,False,False,False
93,적중률 vs 기준선,60m KR index k=1 h=5,-0.0152143845089903,-0.4368723036919432,0.6622039589434311,0.4368723036919432,84.0,1.0,0.8597643744864243,False,False,False,False
94,beta(반전·지속),60m KR panel k=1 h=5,-0.0013571624834377,-0.219444421170618,0.8263038700945776,0.219444421170618,84.0,1.0,0.9296216155714546,False,False,False,False
95,적중률 vs 기준선,60m KR panel k=1 h=5,-0.0062353572134247,-0.4514948173881433,0.6516329594664767,0.4514948173881433,84.0,1.0,0.8597643744864243,False,False,False,False
96,beta(반전·지속),60m KR index k=5 h=1,-0.1381103324427151,-1.8640965264065383,0.0623081502616145,1.8640965264065383,84.0,1.0,0.36061038824538677,False,False,False,False
97,적중률 vs 기준선,60m KR index k=5 h=1,0.0387275242047026,1.4748869217049445,0.140242946991269,1.4748869217049445,84.0,1.0,0.3340856894629842,False,False,False,False
98,beta(반전·지속),60m KR panel k=5 h=1,0.0220382111001828,1.3069077219709444,0.1912440532171861,1.3069077219709444,84.0,1.0,0.4727983519705377,False,False,False,False
99,적중률 vs 기준선,60m KR panel k=5 h=1,-0.0374590001975893,-4.05376379201823,5.040010767222001e-05,4.05376379201823,84.0,0.004132808829122041,0.0010941726864923996,True,True,True,True
100,beta(반전·지속),60m KR index k=5 h=5,-0.1113964594624616,-2.464394415689283,0.0137244992793868,2.464394415689283,84.0,1.0,0.2093701100505224,True,False,False,False
101,적중률 vs 기준선,60m KR index k=5 h=5,-0.0041724617524339,-0.099072477062243,0.9210807246771602,0.099072477062243,84.0,1.0,0.9671347609110181,False,False,False,False
102,beta(반전·지속),60m KR panel k=5 h=5,0.0042442314707108,0.2391618316024811,0.8109800978816051,0.2391618316024811,84.0,1.0,0.9296216155714546,False,False,False,False
103,적중률 vs 기준선,60m KR panel k=5 h=5,-0.0060316198802191,-0.4220440385571603,0.6729928735422785,0.4220440385571603,84.0,1.0,0.8597643744864243,False,False,False,False
104,beta(반전·지속),5m US index k=1 h=1,-0.1848099899067453,-1.920100110475477,0.054845255356114,1.920100110475477,84.0,1.0,0.36061038824538677,False,False,False,False
105,적중률 vs 기준선,5m US index k=1 h=1,0.0169491525423728,0.1723685409729911,0.8631478026577362,0.1723685409729911,84.0,1.0,0.9558526914018197,False,False,False,False
106,beta(반전·지속),5m US panel k=1 h=1,-0.0808954036127021,-1.8314660591108405,0.0670310092105643,1.8314660591108405,84.0,1.0,0.36061038824538677,False,False,False,False
107,적중률 vs 기준선,5m US panel k=1 h=1,0.0197094430992736,0.8918667517905332,0.3724643575199227,0.8918667517905332,84.0,1.0,0.6385103271770103,False,False,False,False
108,beta(반전·지속),5m US index k=1 h=5,-0.0955152119889848,-3.01988502305114,0.0025287066018645,3.01988502305114,84.0,0.2098826479547535,0.0803687984753304,True,False,False,True
109,적중률 vs 기준선,5m US index k=1 h=5,-0.0545454545454545,-0.3869467246212329,0.6987956490654363,0.3869467246212329,84.0,1.0,0.8597643744864243,False,False,False,False
110,beta(반전·지속),5m US panel k=1 h=5,0.0067537367945144,0.4503409212650928,0.6524646368197375,0.4503409212650928,84.0,1.0,0.8563598358259055,False,False,False,False
111,적중률 vs 기준선,5m US panel k=1 h=5,-0.0181743970315398,-0.5045610952077956,0.6138671409479112,0.5045610952077956,84.0,1.0,0.8596918169763085,False,False,False,False
112,beta(반전·지속),5m US index k=5 h=1,-0.8234878427068397,-1.8867698817793253,0.0591912837431223,1.8867698817793253,84.0,1.0,0.36061038824538677,False,False,False,False
113,적중률 vs 기준선,5m US index k=5 h=1,-0.0545454545454545,-0.5450712205353397,0.5857045353642594,0.5450712205353397,84.0,1.0,0.8537877456820817,False,False,False,False
114,beta(반전·지속),5m US panel k=5 h=1,0.0405508116062627,0.7469915780154001,0.45506864460327,0.7469915780154001,84.0,1.0,0.6809072314825524,False,False,False,False
115,적중률 vs 기준선,5m US panel k=5 h=1,-0.0065380333951762,-0.3812774362655451,0.7029973946737657,0.3812774362655451,84.0,1.0,0.8597643744864243,False,False,False,False
116,beta(반전·지속),5m US index k=5 h=5,-0.353655673312891,-1.5866211573047238,0.1125984726699543,1.5866211573047238,84.0,1.0,0.45039389067981717,False,False,False,False
117,적중률 vs 기준선,5m US index k=5 h=5,-0.2549019607843137,-1.906359120150328,0.0566036287212506,1.906359120150328,84.0,1.0,0.17610017824389074,False,False,False,False
118,beta(반전·지속),5m US panel k=5 h=5,0.0378402161961648,0.8780012420435247,0.379943044684912,0.8780012420435247,84.0,1.0,0.6330603486741242,False,False,False,False
119,적중률 vs 기준선,5m US panel k=5 h=5,-0.0054501800720288,-0.1566067876319047,0.875554752801907,0.1566067876319047,84.0,1.0,0.9558526914018197,False,False,False,False
120,beta(반전·지속),5m KR index k=1 h=1,0.1000584647761618,0.8465262238171005,0.3972592510199345,0.8465262238171005,84.0,1.0,0.6330603486741242,False,False,False,False
121,적중률 vs 기준선,5m KR index k=1 h=1,-0.1034482758620689,-1.2815035828708563,0.2000168422762306,1.2815035828708563,84.0,1.0,0.4308055064411121,False,False,False,False
122,beta(반전·지속),5m KR panel k=1 h=1,-0.0044396651997127,-0.177486319434959,0.8591264101514169,0.177486319434959,84.0,1.0,0.9296216155714546,False,False,False,False
123,적중률 vs 기준선,5m KR panel k=1 h=1,-0.043728813559322,-1.2194127838098594,0.2226875602619891,1.2194127838098594,84.0,1.0,0.44445250332118424,False,False,False,False
124,beta(반전·지속),5m KR index k=1 h=5,-0.0756668493031784,-1.7790276133656076,0.0752352349433468,1.7790276133656076,84.0,1.0,0.371750572661243,False,False,False,False
125,적중률 vs 기준선,5m KR index k=1 h=5,0.074074074074074,0.504278642542532,0.614065583554506,0.504278642542532,84.0,1.0,0.8596918169763085,False,False,False,False
126,beta(반전·지속),5m KR panel k=1 h=5,-0.021088446907878,-1.4628301692767014,0.1435138556236544,1.4628301692767014,84.0,1.0,0.4727983519705377,False,False,False,False
127,적중률 vs 기준선,5m KR panel k=1 h=5,-0.1472727272727272,-4.16417703926947,3.124775882104108e-05,4.16417703926947,84.0,0.0025935639821464095,0.0010941726864923996,True,True,True,True
128,beta(반전·지속),5m KR index k=5 h=1,-0.3405163451469876,-1.0037852530926947,0.3154821339786386,1.0037852530926947,84.0,1.0,0.5925894608902346,False,False,False,False
129,적중률 vs 기준선,5m KR index k=5 h=1,-0.037037037037037,-0.3330078103581073,0.7391283875116587,0.3330078103581073,84.0,1.0,0.8744617542391454,False,False,False,False
130,beta(반전·지속),5m KR panel k=5 h=1,-0.0643730689544518,-0.842637995660378,0.3994309342824831,0.842637995660378,84.0,1.0,0.6330603486741242,False,False,False,False
131,적중률 vs 기준선,5m KR panel k=5 h=1,-0.0392727272727272,-1.146503919712638,0.2515867063071619,1.146503919712638,84.0,1.0,0.48030189385912725,False,False,False,False
132,beta(반전·지속),5m KR index k=5 h=5,-0.0595134928868143,-0.3965803437433386,0.6916769498575073,0.3965803437433386,84.0,1.0,0.8697173495979055,False,False,False,False
133,적중률 vs 기준선,5m KR index k=5 h=5,-0.02,-0.1233633257314658,0.9018193970251628,0.1233633257314658,84.0,1.0,0.9588965740520717,False,False,False,False
134,beta(반전·지속),5m KR panel k=5 h=5,-0.0354112521962999,-0.7986895940199845,0.4244704221329187,0.7986895940199845,84.0,1.0,0.6542697252843559,False,False,False,False
135,적중률 vs 기준선,5m KR panel k=5 h=5,-0.1639215686274509,-3.2688406353817725,0.0010798910541542,3.2688406353817725,84.0,0.0820717201157192,0.009648383729713527,True,False,True,True
136,beta(반전·지속),10m US index k=1 h=1,-0.0939669591818816,-0.8860906588402014,0.3755686762494703,0.8860906588402014,84.0,1.0,0.6330603486741242,False,False,False,False
137,적중률 vs 기준선,10m US index k=1 h=1,0.0169491525423728,0.141370194439294,0.8875774991588327,0.141370194439294,84.0,1.0,0.9558526914018197,False,False,False,False
138,beta(반전·지속),10m US panel k=1 h=1,-0.086961676773038,-2.4334667751250816,0.0149550078607516,2.4334667751250816,84.0,1.0,0.2093701100505224,True,False,False,False
139,적중률 vs 기준선,10m US panel k=1 h=1,0.0258249740574195,1.2582606266951804,0.208297515580846,1.2582606266951804,84.0,1.0,0.4374247827197766,False,False,False,False
140,beta(반전·지속),10m US index k=1 h=5,-0.027430441216413,-0.885833284628098,0.3757073709950349,0.885833284628098,84.0,1.0,0.6330603486741242,False,False,False,False
141,적중률 vs 기준선,10m US index k=1 h=5,-0.1636363636363636,-1.206778773193092,0.2275173528906062,1.206778773193092,84.0,1.0,0.44445250332118424,False,False,False,False
142,beta(반전·지속),10m US panel k=1 h=5,-0.0159765948543816,-1.3625635221099075,0.1730201117657569,1.3625635221099075,84.0,1.0,0.4727983519705377,False,False,False,False
143,적중률 vs 기준선,10m US panel k=1 h=5,-0.0352949907235621,-1.6518779846117175,0.0985594268755617,1.6518779846117175,84.0,1.0,0.267064253469264,False,False,False,False
144,beta(반전·지속),10m US index k=5 h=1,-0.2718360263896419,-0.6654774121060004,0.5057451861916803,0.6654774121060004,84.0,1.0,0.6994955628077841,False,False,False,False
145,적중률 vs 기준선,10m US index k=5 h=1,-0.0727272727272727,-0.6943484233734099,0.4874637303230856,0.6943484233734099,84.0,1.0,0.7725840254177206,False,False,False,False
146,beta(반전·지속),10m US panel k=5 h=1,-0.0531259241554134,-1.3065347739294937,0.1913707615118843,1.3065347739294937,84.0,1.0,0.4727983519705377,False,False,False,False
147,적중률 vs 기준선,10m US panel k=5 h=1,0.0007495361781076,0.0560186474938054,0.9553269519344354,0.0560186474938054,84.0,1.0,0.9907094316357108,False,False,False,False
148,beta(반전·지속),10m US index k=5 h=5,-0.1965290909088581,-0.98163699934667,0.3262787128838166,0.98163699934667,84.0,1.0,0.595813301787839,False,False,False,False
149,적중률 vs 기준선,10m US index k=5 h=5,-0.2352941176470588,-1.545761044033954,0.122162288451218,1.545761044033954,84.0,1.0,0.3206760071844473,False,False,False,False
150,beta(반전·지속),10m US panel k=5 h=5,0.0137268326314432,0.3697511984104411,0.7115678801581198,0.3697511984104411,84.0,1.0,0.8697173495979055,False,False,False,False
151,적중률 vs 기준선,10m US panel k=5 h=5,-0.0396638655462184,-1.694770848230691,0.0901188996438092,1.694770848230691,84.0,1.0,0.25233291900266575,False,False,False,False
152,beta(반전·지속),10m KR index k=1 h=1,-0.0522222608058847,-0.4712070140689086,0.6374929103462099,0.4712070140689086,84.0,1.0,0.8499905471282799,False,False,False,False
153,적중률 vs 기준선,10m KR index k=1 h=1,0.0344827586206896,0.4889222403688461,0.624896749480798,0.4889222403688461,84.0,1.0,0.8597643744864243,False,False,False,False
154,beta(반전·지속),10m KR panel k=1 h=1,-0.0383287839581559,-1.232536489397873,0.2177487447179942,1.232536489397873,84.0,1.0,0.49552028268693316,False,False,False,False
155,적중률 vs 기준선,10m KR panel k=1 h=1,0.0067796610169491,0.1840934749396516,0.8539401252433332,0.1840934749396516,84.0,1.0,0.9558526914018197,False,False,False,False
156,beta(반전·지속),10m KR index k=1 h=5,-0.0867615897919224,-2.5389347474379904,0.0111190559467549,2.5389347474379904,84.0,0.9006435316871468,0.2093701100505224,True,False,False,False
157,적중률 vs 기준선,10m KR index k=1 h=5,0.0,0.0,1.0,0.0,84.0,1.0,1.0,False,False,False,False
158,beta(반전·지속),10m KR panel k=1 h=5,-0.0252812817802009,-1.6266955859588026,0.1038017666988434,1.6266955859588026,84.0,1.0,0.4359674201351423,False,False,False,False
159,적중률 vs 기준선,10m KR panel k=1 h=5,-0.0596363636363636,-0.9949502838783424,0.319760444938462,0.9949502838783424,84.0,1.0,0.5753632449212094,False,False,False,False
160,beta(반전·지속),10m KR index k=5 h=1,-0.6438033381511999,-1.925492519818744,0.054167770874659,1.925492519818744,84.0,1.0,0.36061038824538677,False,False,False,False
161,적중률 vs 기준선,10m KR index k=5 h=1,-0.0185185185185185,-0.2376104867742296,0.8121832161678524,0.2376104867742296,84.0,1.0,0.9475470855291612,False,False,False,False
162,beta(반전·지속),10m KR panel k=5 h=1,-0.0802278763221654,-0.8950088433085107,0.3707823606812916,0.8950088433085107,84.0,1.0,0.6330603486741242,False,False,False,False
163,적중률 vs 기준선,10m KR panel k=5 h=1,0.0163636363636363,0.4042115758832368,0.6860571420462096,0.4042115758832368,84.0,1.0,0.8597643744864243,False,False,False,False
164,beta(반전·지속),10m KR index k=5 h=5,-0.2209136424166788,-1.968437894148092,0.0490176754058413,1.968437894148092,84.0,1.0,0.36061038824538677,True,False,False,False
165,적중률 vs 기준선,10m KR index k=5 h=5,0.1,0.9905007256320923,0.3219294346582957,0.9905007256320923,84.0,1.0,0.5753632449212094,False,False,False,False
166,beta(반전·지속),10m KR panel k=5 h=5,-0.0572856785410731,-1.3412839620593695,0.1798282748859087,1.3412839620593695,84.0,1.0,0.4727983519705377,False,False,False,False
167,적중률 vs 기준선,10m KR panel k=5 h=5,-0.0372549019607843,-0.5395315835684497,0.5895201101138183,0.5395315835684497,84.0,1.0,0.8537877456820817,False,False,False,False
168,레짐 차이,daily US dev k=1 h=1,-0.0736566372907514,-2.160230570069095,0.0307548247270302,2.160230570069095,36.0,1.0,0.36905789672436234,True,False,False,False
169,레짐 차이,daily US dev k=1 h=5,-0.0238623833573007,-1.1694858204903382,0.2422079508473118,1.1694858204903382,36.0,1.0,0.777643684674058,False,False,False,False
170,레짐 차이,daily US dev k=1 h=22,-0.0127930148478261,-1.4286953395522335,0.153091817905242,1.4286953395522335,36.0,1.0,0.7271192345349622,False,False,False,False
171,레짐 차이,daily US dev k=5 h=1,0.0089930100104851,0.1786321947774116,0.8582265132885001,0.1786321947774116,36.0,1.0,0.9362471054056364,False,False,False,False
172,레짐 차이,daily US dev k=5 h=5,-0.0255980022579385,-0.4621823230240116,0.6439505786341397,0.4621823230240116,36.0,1.0,0.8916238781088089,False,False,False,False
173,레짐 차이,daily US dev k=5 h=22,-0.0346350102680896,-1.1225473334086662,0.261629793969769,1.1225473334086662,36.0,1.0,0.777643684674058,False,False,False,False
174,레짐 차이,daily US dev k=22 h=1,0.1005764039924979,1.0784885809386855,0.2808157750211876,1.0784885809386855,36.0,1.0,0.777643684674058,False,False,False,False
175,레짐 차이,daily US dev k=22 h=5,-0.0078757206155709,-0.0596734344912539,0.9524157302238382,0.0596734344912539,36.0,1.0,0.9796276082302335,False,False,False,False
176,레짐 차이,daily US dev k=22 h=22,0.0882485281141982,0.9235927129284668,0.3556984092662896,0.9235927129284668,36.0,1.0,0.853676182239095,False,False,False,False
177,레짐 차이,daily US test k=1 h=1,0.0691262285407968,1.3997705076668836,0.1615820521188805,1.3997705076668836,36.0,1.0,0.7271192345349622,False,False,False,False
178,레짐 차이,daily US test k=1 h=5,-0.0533315118877709,-1.4857431291764274,0.1373470779761845,1.4857431291764274,36.0,1.0,0.7271192345349622,False,False,False,False
179,레짐 차이,daily US test k=1 h=22,0.0021168423474231,0.1185073622233829,0.9056656619938844,0.1185073622233829,36.0,1.0,0.9589401126994069,False,False,False,False
180,레짐 차이,daily US test k=5 h=1,0.0543886881657425,0.5679785127817384,0.5700495582972853,0.5679785127817384,36.0,1.0,0.8916238781088089,False,False,False,False
181,레짐 차이,daily US test k=5 h=5,0.0407845654749349,0.5163602803116942,0.6056028017910864,0.5163602803116942,36.0,1.0,0.8916238781088089,False,False,False,False
182,레짐 차이,daily US test k=5 h=22,0.0013677558805204,0.0252731802688345,0.9798370661413148,0.0252731802688345,36.0,1.0,0.9798370661413149,False,False,False,False
183,레짐 차이,daily US test k=22 h=1,-0.0529322257621073,-0.3525786594462966,0.72440433870315,0.3525786594462966,36.0,1.0,0.9210218859800937,False,False,False,False
184,레짐 차이,daily US test k=22 h=5,0.1286833415491958,0.7322291468600769,0.4640287170099775,0.7322291468600769,36.0,1.0,0.8807427595486859,False,False,False,False
185,레짐 차이,daily US test k=22 h=22,0.0382654323618358,0.2555581158841987,0.7982920632563182,0.2555581158841987,36.0,1.0,0.9362471054056364,False,False,False,False
186,레짐 차이,daily KR dev k=1 h=1,-0.0482635492456186,-0.8140295537164886,0.4156280206104932,0.8140295537164886,36.0,1.0,0.8807427595486859,False,False,False,False
187,레짐 차이,daily KR dev k=1 h=5,-0.0470239565446979,-1.4524355356599454,0.1463805415096561,1.4524355356599454,36.0,1.0,0.7271192345349622,False,False,False,False
188,레짐 차이,daily KR dev k=1 h=22,-0.0266264214607596,-1.942187688696352,0.0521143829412082,1.942187688696352,36.0,1.0,0.4690294464708738,False,False,False,False
189,레짐 차이,daily KR dev k=5 h=1,0.0346719669314116,0.493678676771751,0.621533126722694,0.493678676771751,36.0,1.0,0.8916238781088089,False,False,False,False
190,레짐 차이,daily KR dev k=5 h=5,-0.0245174914010097,-0.3292929173227664,0.74193429703952,0.3292929173227664,36.0,1.0,0.9210218859800937,False,False,False,False
191,레짐 차이,daily KR dev k=5 h=22,-0.0129136426406147,-0.3335415682032103,0.7387255171245792,0.3335415682032103,36.0,1.0,0.9210218859800937,False,False,False,False
192,레짐 차이,daily KR dev k=22 h=1,0.028948582596881,0.1903337689820521,0.8490475934678571,0.1903337689820521,36.0,1.0,0.9362471054056364,False,False,False,False
193,레짐 차이,daily KR dev k=22 h=5,-0.1814530166986434,-1.1034706374839425,0.2698228358971305,1.1034706374839425,36.0,1.0,0.777643684674058,False,False,False,False
194,레짐 차이,daily KR dev k=22 h=22,0.0673648673718796,0.6745799726416779,0.4999426605856837,0.6745799726416779,36.0,1.0,0.8916238781088089,False,False,False,False
195,레짐 차이,daily KR test k=1 h=1,-0.0563253590074607,-1.0194667786715388,0.3079814171458929,1.0194667786715388,36.0,1.0,0.7919522155180102,False,False,False,False
196,레짐 차이,daily KR test k=1 h=5,-0.0959854494670774,-2.4344472975455638,0.0149145516194218,2.4344472975455638,36.0,0.522009306679763,0.2684619291495924,True,False,False,False
197,레짐 차이,daily KR test k=1 h=22,-0.0483289331407689,-3.0839056822660345,0.0020430235400843,3.0839056822660345,36.0,0.0735488474430348,0.0735488474430348,True,False,False,True
198,레짐 차이,daily KR test k=5 h=1,-0.0928264043486343,-0.7888280455175976,0.4302125153827358,0.7888280455175976,36.0,1.0,0.8807427595486859,False,False,False,False
199,레짐 차이,daily KR test k=5 h=5,-0.1553724671130455,-1.3047974673839888,0.1919618217613699,1.3047974673839888,36.0,1.0,0.7678472870454796,False,False,False,False
200,레짐 차이,daily KR test k=5 h=22,-0.0425304896293737,-0.7309061874056115,0.4648364564284731,0.7309061874056115,36.0,1.0,0.8807427595486859,False,False,False,False
201,레짐 차이,daily KR test k=22 h=1,-0.0365047898681843,-0.2360034656606748,0.8134299809213654,0.2360034656606748,36.0,1.0,0.9362471054056364,False,False,False,False
202,레짐 차이,daily KR test k=22 h=5,0.0982630367686797,0.4704447707425707,0.6380372840402788,0.4704447707425707,36.0,1.0,0.8916238781088089,False,False,False,False
203,레짐 차이,daily KR test k=22 h=22,-0.090604155859115,-0.5148504083320348,0.606657557313351,0.5148504083320348,36.0,1.0,0.8916238781088089,False,False,False,False
204,큰 하락 다음,US dev h=1,0.0682166045534732,2.176870998688973,0.0294901938193017,2.176870998688973,12.0,0.294901938193017,0.11796077527720679,True,False,False,False
205,큰 하락 다음,US dev h=5,-0.0097624906155433,-0.4157448583667182,0.6775967124522492,0.4157448583667182,12.0,1.0,0.6775967124522492,False,False,False,False
206,큰 하락 다음,US dev h=22,0.0115007777809469,0.7036030662378027,0.4816800013068125,0.7036030662378027,12.0,1.0,0.578016001568175,False,False,False,False
207,큰 하락 다음,US test h=1,-0.1257930697901428,-2.4930124221326584,0.0126664414771901,2.4930124221326584,12.0,0.1519972977262812,0.11796077527720679,True,False,False,False
208,큰 하락 다음,US test h=5,-0.028258909733149,-0.7322387297575851,0.4640228689769079,0.7322387297575851,12.0,1.0,0.578016001568175,False,False,False,False
209,큰 하락 다음,US test h=22,0.0163160273816003,0.5521547342421549,0.5808423443742377,0.5521547342421549,12.0,1.0,0.6336461938628047,False,False,False,False
210,큰 하락 다음,KR dev h=1,0.0531858171154277,1.5622492798100474,0.1182292754604145,1.5622492798100474,12.0,0.945834203683316,0.2837502611049948,False,False,False,False
211,큰 하락 다음,KR dev h=5,0.0239819207130999,0.8333491137413651,0.4046478646169419,0.8333491137413651,12.0,1.0,0.578016001568175,False,False,False,False
212,큰 하락 다음,KR dev h=22,0.0218936407955271,1.3104637233919458,0.1900390086159588,1.3104637233919458,12.0,1.0,0.32578115762735793,False,False,False,False
213,큰 하락 다음,KR test h=1,0.0661897757695712,1.415331836447689,0.1569712247727765,1.415331836447689,12.0,1.0,0.313942449545553,False,False,False,False
214,큰 하락 다음,KR test h=5,0.0891962643729773,2.219560729582135,0.0264486005038642,2.219560729582135,12.0,0.2909346055425062,0.11796077527720679,True,False,False,False
215,큰 하락 다음,KR test h=22,0.0566765099370885,2.001453033318996,0.0453435903671125,2.001453033318996,12.0,0.4080923133040125,0.13603077110133752,True,False,False,False
