family,m,raw_p<0.05,Holm<0.05,BH<0.05,|t|>3
10m_daily_KR,18,12,3,8,3
10m_daily_US,18,10,1,8,1
10m_etf_KR,18,6,2,3,2
10m_etf_US,18,13,0,5,0
10m_index_KR,18,6,1,3,1
10m_index_US,18,15,0,15,0
10m_panel_KR,18,12,11,12,9
10m_panel_US,18,11,5,11,5
5m_daily_KR,18,12,3,8,3
5m_daily_US,18,10,1,8,1
5m_etf_KR,18,0,0,0,0
5m_etf_US,18,16,0,16,0
5m_index_KR,18,10,3,4,3
5m_index_US,18,17,1,17,0
5m_panel_KR,18,11,6,8,5
5m_panel_US,18,11,9,10,8
60m_daily_KR,27,2,0,0,0
60m_daily_US,27,11,3,4,3
60m_decomp_index_KR,54,19,0,8,3
60m_decomp_index_US,54,17,0,0,0
60m_decomp_panel_KR,54,18,10,15,11
60m_decomp_panel_US,54,17,3,6,5
60m_etf_KR,27,11,1,8,2
60m_etf_US,27,2,0,0,0
60m_index_KR,27,12,4,8,4
60m_index_US,27,2,0,0,0
60m_panel_KR,27,18,16,18,15
60m_panel_US,27,10,3,8,4
