term,target,h,coef,se_NW,t,p,std_coef,n,R2
const,RSp,1,0.028816442212448515,0.07180603923080342,0.4013094514212784,0.6881923058771793,,729,0.34678078146782976
RSp_d,RSp,1,-0.2802739237723604,0.06854884161904115,-4.088674836111414,4.338444932234071e-05,-0.2802774503186685,729,0.34678078146782976
RSn_d,RSp,1,-0.6562865739863759,0.21622009616193558,-3.0352709375120135,0.0024031969447712936,-0.4063983025512583,729,0.34678078146782976
RSp_w,RSp,1,-0.5091694644598546,0.13441385471590495,-3.788072781158068,0.00015182037976045726,-0.2290851090292388,729,0.34678078146782976
RSn_w,RSp,1,2.3708699305072987,0.6050583900138587,3.918415097843688,8.913311376272818e-05,0.8440676029596906,729,0.34678078146782976
RSp_m,RSp,1,0.20485444532811067,0.3548656777047161,0.5772731999699621,0.5637549149512324,0.047311106275174396,729,0.34678078146782976
RSn_m,RSp,1,0.06560394530542402,0.3716419771531218,0.17652458370813762,0.8598818369198556,0.013917359416306573,729,0.34678078146782976
const,RSn,1,0.24007949348511054,0.060153939863268426,3.991085106492075,6.577167067791326e-05,,729,0.15104513588489488
RSp_d,RSn,1,0.154592352215807,0.036435510925721455,4.242903373331684,2.2064645542281066e-05,0.2496459304020829,729,0.15104513588489488
RSn_d,RSn,1,0.33418468273765417,0.11938735817331445,2.7991630592287566,0.005123525724444281,0.334176515956919,729,0.15104513588489488
RSp_w,RSn,1,0.008582995746841644,0.044472495135851935,0.19299559695543994,0.8469624163871389,0.006235975897337276,729,0.15104513588489488
RSn_w,RSn,1,-0.16586142980621066,0.1758122228584548,-0.9434010167754067,0.3454758233003167,-0.09535553976430569,729,0.15104513588489488
RSp_m,RSn,1,-0.37958582490155707,0.2418199022619406,-1.5697046494146196,0.1164838390628391,-0.14156592066717388,729,0.15104513588489488
RSn_m,RSn,1,0.49558659617726736,0.3334673316440475,1.4861623587952253,0.13723618121783218,0.16977645379138798,729,0.15104513588489488
const,RV,1,0.268895935697559,0.07715547090412882,3.485118197667167,0.0004919196926230349,,729,0.3082703680426343
RSp_d,RV,1,-0.12568157155655316,0.05112157604813215,-2.4584838980359494,0.013952503318727397,-0.10843029100038368,729,0.3082703680426343
RSn_d,RV,1,-0.3221018912487222,0.18676156315263087,-1.724669069006905,0.0845871283198747,-0.17207793932455456,729,0.3082703680426343
RSp_w,RV,1,-0.5005864687130129,0.13795865808198227,-3.628525209454692,0.0002850449197244694,-0.1943064297040356,729,0.3082703680426343
RSn_w,RV,1,2.2050085007010902,0.512369467139275,4.303551718279327,1.6808158858179333e-05,0.6772567266457095,729,0.3082703680426343
RSp_m,RV,1,-0.1747313795734462,0.5511284966259473,-0.3170429049544084,0.7512110468082933,-0.03481466117002248,729,0.3082703680426343
RSn_m,RV,1,0.5611905414826912,0.627073840517879,0.8949353412976421,0.3708216531902482,0.10270953997891084,729,0.3082703680426343
const,RSp,5,0.10901630051213881,0.052292890335081,2.0847250900378054,0.03709426182715702,,725,0.6043229169933351
RSp_d,RSp,5,-0.0906533388570391,0.014868688093188953,-6.096929217216251,1.0812536697086173e-09,-0.20149611325214561,725,0.6043229169933351
RSn_d,RSp,5,0.0889081071163907,0.03872627592363244,2.295808336740563,0.021686842563771354,0.12238909452993495,725,0.6043229169933351
RSp_w,RSp,5,-0.2689359079226643,0.06587291593758142,-4.082647687518454,4.452549800224731e-05,-0.26899704302806976,725,0.6043229169933351
RSn_w,RSp,5,0.9052975348684603,0.12483946907432483,7.2516932471851465,4.1159323425354674e-13,0.7163796604126875,725,0.6043229169933351
RSp_m,RSp,5,0.0011169545028695243,0.3202865327087634,0.0034873601878389663,0.997217494788156,0.0005733880259336829,725,0.6043229169933351
RSn_m,RSp,5,0.3216076303725214,0.36675059042109026,0.876911009204546,0.38053497598199004,0.15160654785714112,725,0.6043229169933351
const,RSn,5,0.3166586883855343,0.08118453769835722,3.900480280642676,9.600204588871205e-05,,725,0.12126800154985873
RSp_d,RSn,5,0.021243176412898926,0.019856356934944894,1.0698425941121852,0.2846901661963297,0.05966754059697438,725,0.12126800154985873
RSn_d,RSn,5,0.08454755021954923,0.02744209520799883,3.0809436953963076,0.002063456644188753,0.14707477701327087,725,0.12126800154985873
RSp_w,RSn,5,0.03491302226789566,0.03315481443494909,1.0530302419998832,0.29232713189977266,0.044128785140182966,725,0.12126800154985873
RSn_w,RSn,5,0.015174158148492274,0.12764317727139202,0.11887950827351566,0.9053708166499597,0.015173729148242453,725,0.12126800154985873
RSp_m,RSn,5,-0.528002615907526,0.35561962482299775,-1.4847398148241349,0.13761276040894996,-0.3425192802907226,725,0.12126800154985873
RSn_m,RSn,5,0.6778107405352719,0.5023889244978027,1.3491753250986258,0.17728065835986961,0.40377169739504754,725,0.12126800154985873
const,RV,5,0.42567498889767713,0.10449082234579099,4.073802649279502,4.6251678686467115e-05,,725,0.44802505628879075
RSp_d,RV,5,-0.06941016244414022,0.024794378504388453,-2.7994314288561437,0.005119268823683505,-0.10216074765205908,725,0.44802505628879075
RSn_d,RV,5,0.1734556573359396,0.060296340192755433,2.87671949543598,0.004018326210487512,0.1581131385812796,725,0.44802505628879075
RSp_w,RV,5,-0.2340228856547686,0.0804788376609588,-2.907881033777601,0.0036388673918054297,-0.15500124143174587,725,0.44802505628879075
RSn_w,RV,5,0.9204716930169535,0.14766747231304791,6.233408607859136,4.5639366489024425e-10,0.48232578421933453,725,0.44802505628879075
RSp_m,RV,5,-0.5268856614046559,0.6462751588538593,-0.815265222848832,0.4149205109015992,-0.17910497472235182,725,0.44802505628879075
RSn_m,RV,5,0.9994183709077926,0.8284094353162368,1.2064304537119075,0.22765155962580685,0.3119730477136323,725,0.44802505628879075
const,RSp,22,0.3316841030178048,0.0955872669907835,3.4699611513088424,0.0005205336479580878,,708,0.3518255000582169
RSp_d,RSp,22,-0.006939290150415698,0.014290426660957237,-0.4855901307253812,0.6272577952167677,-0.030047870839797812,708,0.3518255000582169
RSn_d,RSp,22,0.01838607787593958,0.0059355848647661,3.0976017182536077,0.0019509343098025969,0.04930523887309142,708,0.3518255000582169
RSp_w,RSp,22,-0.0402726956172044,0.014744415258188825,-2.7313864206881693,0.006306847555419599,-0.07845212819510823,708,0.3518255000582169
RSn_w,RSp,22,0.11521209909369547,0.11324918919593203,1.0173326618203633,0.30899520388598833,0.17752694891369028,708,0.3518255000582169
RSp_m,RSp,22,-0.49442959790149954,0.423762333053034,-1.1667615532020905,0.24330667735967715,-0.4937000297264498,708,0.3518255000582169
RSn_m,RSp,22,0.8422826514562016,0.5484626087344082,1.5357157225353808,0.12460811725494413,0.772093925440433,708,0.3518255000582169
const,RSn,22,0.40691639167559657,0.11649143208621562,3.4931014615258285,0.000477445065982193,,708,0.1386606170405983
RSp_d,RSn,22,0.013974961720003619,0.014866105746548407,0.9400553149736814,0.34718918800910137,0.06587794754136725,708,0.1386606170405983
RSn_d,RSn,22,0.008734841155372057,0.010735266063535162,0.8136585626919844,0.41584057872680213,0.02550056246829082,708,0.1386606170405983
RSp_w,RSn,22,-0.0010962345587671538,0.021583166020901254,-0.050791184097159534,0.959491915882725,-0.0023248144423966203,708,0.1386606170405983
RSn_w,RSn,22,-0.051970359129484466,0.1166747645883308,-0.44542930352466525,0.6560095393801315,-0.08717916277585024,708,0.1386606170405983
RSp_m,RSn,22,-0.5764300186422238,0.40942176813913156,-1.407912484141143,0.15915698593437144,-0.6266081771800932,708,0.1386606170405983
RSn_m,RSn,22,0.7262980985505376,0.518685354208664,1.4002672191479542,0.16143331334307331,0.7247996307172819,708,0.1386606170405983
const,RV,22,0.7386004946934048,0.20709594493922834,3.566465267633052,0.0003618287396786192,,708,0.2456414694425294
RSp_d,RV,22,0.007035671569587936,0.02881549790861895,0.24416276240999846,0.8071047656749811,0.01660610479692672,708,0.2456414694425294
RSn_d,RV,22,0.027120919031311738,0.01574199074649728,1.7228392182447674,0.08491760445236525,0.03964349483535295,708,0.2456414694425294
RSp_w,RV,22,-0.04136893017597157,0.03469584977036824,-1.1923307960395433,0.23313156376621402,-0.04392703386798398,708,0.2456414694425294
RSn_w,RV,22,0.06324173996421083,0.22721105684110152,0.2783391831518063,0.780752000204221,0.0531170037678767,708,0.2456414694425294
RSp_m,RV,22,-1.070859616543724,0.8319240130765696,-1.2872084465785976,0.19802164399400024,-0.5828473052816293,708,0.2456414694425294
RSn_m,RV,22,1.5685807500067395,1.0657936657227685,1.4717489889968578,0.1410886732345436,0.7837593237165285,708,0.2456414694425294
