test,target,h,diff,se_NW,stat,df,p
상승 총영향: Σβ = 0,RSp,1,-0.7194296580647935,0.6856672124102577,-1.049240280187606,1.0,0.29406754410495095
상승 동시: β_d = β_w = β_m = 0,RSp,1,,,58.05874658432767,3.0,1.527120090623085e-12
하락 총영향: Σβ = 0,RSp,1,2.519336931977427,1.4030419082916343,1.795624861302262,1.0,0.07255419920148161
하락 동시: β_d = β_w = β_m = 0,RSp,1,,,11.112130935103263,3.0,0.011134739014131867
d: β⁻ − β⁺,RSp,1,1.1728011984912277,0.45681951452037534,2.5673185168601584,1.0,0.010248842224708388
w: β⁻ − β⁺,RSp,1,0.5033823341242127,0.43803946012194034,1.1491712047679046,1.0,0.25048539195877983
m: β⁻ − β⁺,RSp,1,1.5625830574267798,1.4504169793578294,1.0773336769117332,1.0,0.28133122227685436
합계: Σβ⁻ − Σβ⁺,RSp,1,3.2387665900422205,2.086168877748707,1.55249492243281,1.0,0.12054384670600483
"동시: β⁻ = β⁺ (d,w,m)",RSp,1,,,9.760661602799342,3.0,0.02071409265164239
상승 총영향: Σβ = 0,RSn,1,0.26770204770694284,0.10143534505962361,2.6391397155457774,1.0,0.008311671819912016
상승 동시: β_d = β_w = β_m = 0,RSn,1,,,545.1708649773938,3.0,7.738408362217982e-118
하락 총영향: Σβ = 0,RSn,1,0.18773277180490783,0.17755778257255736,1.0573052281061943,1.0,0.29037230800195024
하락 동시: β_d = β_w = β_m = 0,RSn,1,,,4.479973098498711,3.0,0.21408361264888418
d: β⁻ − β⁺,RSn,1,-0.19158979408726912,0.04768389383136496,-4.017914198971045,1.0,5.871556758762642e-05
w: β⁻ − β⁺,RSn,1,0.04305608447821585,0.1876331162233652,0.2294695379197366,1.0,0.8185039942063497
m: β⁻ − β⁺,RSn,1,0.0685644337070183,0.34787087709446646,0.19709736635527328,1.0,0.8437513443493366
합계: Σβ⁻ − Σβ⁺,RSn,1,-0.07996927590203497,0.2749610473813305,-0.29083856300245087,1.0,0.7711747905414719
"동시: β⁻ = β⁺ (d,w,m)",RSn,1,,,35.40552684550712,3.0,1.0001093651693216e-07
상승 총영향: Σβ = 0,RV,1,-0.45172761035785114,0.7475545162553152,-0.6042738028266702,1.0,0.5456616204217857
상승 동시: β_d = β_w = β_m = 0,RV,1,,,647.0839132550349,3.0,6.246022481159943e-140
하락 총영향: Σβ = 0,RV,1,2.707069703782334,1.50992321147542,1.7928525657520844,1.0,0.07299650170803546
하락 동시: β_d = β_w = β_m = 0,RV,1,,,13.291594220804665,3.0,0.004046631643323752
d: β⁻ − β⁺,RV,1,0.9812114044039585,0.42755288890059634,2.2949474319470324,1.0,0.021736137082106394
w: β⁻ − β⁺,RV,1,0.5464384186024294,0.509213907064351,1.0731019145817913,1.0,0.2832253920771586
m: β⁻ − β⁺,RV,1,1.6311474911337973,1.7176167442805952,0.9496574230341388,1.0,0.3422863505033662
합계: Σβ⁻ − Σβ⁺,RV,1,3.158797314140185,2.253955359657145,1.4014462622812005,1.0,0.16108066640409235
"동시: β⁻ = β⁺ (d,w,m)",RV,1,,,7.152945972993271,3.0,0.06717938338330663
상승 총영향: Σβ = 0,RSp,5,-0.2610878090773422,0.2783089757183469,-0.9381221299221308,1.0,0.3481816503042845
상승 동시: β_d = β_w = β_m = 0,RSp,5,,,32.15221131980918,3.0,4.860810411571641e-07
하락 총영향: Σβ = 0,RSp,5,1.1624117224267856,0.5653952084528177,2.055927791831984,1.0,0.03978947681848
하락 동시: β_d = β_w = β_m = 0,RSp,5,,,17.948632675941443,3.0,0.00045071042164806856
d: β⁻ − β⁺,RSp,5,0.3981694075278358,0.15369462133861284,2.5906528417192134,1.0,0.009579407268671803
w: β⁻ − β⁺,RSp,5,0.07012576969188468,0.14037396528143925,0.4995639294742995,1.0,0.6173821615428516
m: β⁻ − β⁺,RSp,5,0.9552043542844073,0.7381008609720058,1.294137975975936,1.0,0.1956177661223426
합계: Σβ⁻ − Σβ⁺,RSp,5,1.423499531504128,0.8368247538767694,1.7010724466615768,1.0,0.0889293840945102
"동시: β⁻ = β⁺ (d,w,m)",RSp,5,,,11.48935715292149,3.0,0.009353735836081609
상승 총영향: Σβ = 0,RSn,5,0.06943793388842544,0.13115713305496016,0.5294255239578021,1.0,0.5965102960113751
상승 동시: β_d = β_w = β_m = 0,RSn,5,,,86.11025681668721,3.0,1.4990676613504538e-18
하락 총영향: Σβ = 0,RSn,5,0.33768391510720647,0.26279321982849774,1.2849795566551654,1.0,0.19879942798614836
하락 동시: β_d = β_w = β_m = 0,RSn,5,,,24.292521796126266,3.0,2.170239526112851e-05
d: β⁻ − β⁺,RSn,5,0.0740640160611249,0.035888232692987326,2.0637409675399603,1.0,0.03904228283039105
w: β⁻ − β⁺,RSn,5,-0.033479304474494695,0.1154584158011215,-0.28996850720837186,1.0,0.7718403306155981
m: β⁻ − β⁺,RSn,5,0.22766126963215083,0.4378297191886236,0.5199767390254999,1.0,0.603079787742888
합계: Σβ⁻ − Σβ⁺,RSn,5,0.26824598121878107,0.3898606515751847,0.6880560531948164,1.0,0.4914174836431747
"동시: β⁻ = β⁺ (d,w,m)",RSn,5,,,6.512698868441675,3.0,0.08916303509964132
상승 총영향: Σβ = 0,RV,5,-0.1916498751889164,0.39669957694778807,-0.48311086354937194,1.0,0.6290170209223717
상승 동시: β_d = β_w = β_m = 0,RV,5,,,53.19204519399254,3.0,1.668412780119689e-11
하락 총영향: Σβ = 0,RV,5,1.500095637533992,0.8055793145068252,1.8621327664704859,1.0,0.06258437842436347
하락 동시: β_d = β_w = β_m = 0,RV,5,,,26.661091088177738,3.0,6.933541615288583e-06
d: β⁻ − β⁺,RV,5,0.4722334235889605,0.18663041740616745,2.530313279861715,1.0,0.011396072317078097
w: β⁻ − β⁺,RV,5,0.03664646521738993,0.22837315436706956,0.16046748278690937,1.0,0.8725128346436888
m: β⁻ − β⁺,RV,5,1.182865623916558,1.1385508492454732,1.0389220865281972,1.0,0.2988409735130788
합계: Σβ⁻ − Σβ⁺,RV,5,1.6917455127229084,1.1913821781968983,1.419985579508405,1.0,0.15561187930870402
"동시: β⁻ = β⁺ (d,w,m)",RV,5,,,13.005435865186268,3.0,0.0046248648026181735
상승 총영향: Σβ = 0,RSp,22,-0.7827063867043929,0.6225019233808049,-1.25735577241837,1.0,0.20862483674569932
상승 동시: β_d = β_w = β_m = 0,RSp,22,,,42.39215889682606,3.0,3.3124327193044826e-09
하락 총영향: Σβ = 0,RSp,22,1.755803466040198,1.1851717839908698,1.481475925901493,1.0,0.13847979544507125
하락 동시: β_d = β_w = β_m = 0,RSp,22,,,16.942356834297,3.0,0.0007262985048951415
d: β⁻ − β⁺,RSp,22,0.07432412450599311,0.023628689432053596,3.145503466018239,1.0,0.0016580123034191257
w: β⁻ − β⁺,RSp,22,-0.3066512887509637,0.26939939162397886,-1.1382775844534205,1.0,0.25500459089220195
m: β⁻ − β⁺,RSp,22,2.7708370169895615,2.0513404032065368,1.35074462174018,1.0,0.176777253082662
합계: Σβ⁻ − Σβ⁺,RSp,22,2.538509852744591,1.8061371190133542,1.4054912143831653,1.0,0.15987526000847518
"동시: β⁻ = β⁺ (d,w,m)",RSp,22,,,11.432654982763035,3.0,0.00960228205907298
상승 총영향: Σβ = 0,RSn,22,-0.3036047655884058,0.33640090125420913,-0.9025087758578264,1.0,0.36678666171178764
상승 동시: β_d = β_w = β_m = 0,RSn,22,,,126.62663150962537,3.0,2.8838250967265507e-27
하락 총영향: Σβ = 0,RSn,22,0.7858250383464432,0.6407354177290535,1.2264423295525448,1.0,0.2200322650220955
하락 동시: β_d = β_w = β_m = 0,RSn,22,,,21.062821518062762,3.0,0.00010216047921100382
d: β⁻ − β⁺,RSn,22,0.018173322211181633,0.010981391823084604,1.6549197500610502,1.0,0.09794077743880218
w: β⁻ − β⁺,RSn,22,-0.18163439189248387,0.13578100527692655,-1.3377010394203441,1.0,0.18099391202658344
m: β⁻ − β⁺,RSn,22,1.2528908736161513,1.101592721791468,1.137344908723284,1.0,0.2553941279590203
합계: Σβ⁻ − Σβ⁺,RSn,22,1.0894298039348491,0.9763441046206628,1.1158256589853874,1.0,0.2644967682326318
"동시: β⁻ = β⁺ (d,w,m)",RSn,22,,,6.259790728722498,3.0,0.09963267703416508
상승 총영향: Σβ = 0,RV,22,-1.0863111522927995,0.9572137872674021,-1.134867849526005,1.0,0.25643069249916817
상승 동시: β_d = β_w = β_m = 0,RV,22,,,71.12832301225245,3.0,2.446944945106611e-15
하락 총영향: Σβ = 0,RV,22,2.5416285043866407,1.822789967683089,1.3943616924868492,1.0,0.16320840990389185
하락 동시: β_d = β_w = β_m = 0,RV,22,,,18.452543875817614,3.0,0.00035474433195789557
d: β⁻ − β⁺,RV,22,0.09249744671717475,0.032958484888759305,2.806483581674641,1.0,0.005008546477616253
w: β⁻ − β⁺,RV,22,-0.4882856806434478,0.4024814514961319,-1.2131880334568423,1.0,0.22505793821648923
m: β⁻ − β⁺,RV,22,4.023727890605714,3.1473451411240227,1.2784514281673935,1.0,0.20109030057244637
합계: Σβ⁻ − Σβ⁺,RV,22,3.62793965667944,2.7777133993846492,1.3060885466020875,1.0,0.19152244743703128
"동시: β⁻ = β⁺ (d,w,m)",RV,22,,,10.075577980768706,3.0,0.01793449981564538
