test,block,target,h,diff,se_NW,stat,df,p
상승 총영향: Σβ = 0,장중,RSp,1,0.024869398313118605,0.13477417328296545,0.18452643935647817,1.0,0.853600487663965
상승 동시: β_d = β_w = β_m = 0,장중,RSp,1,,,45.92649388821951,3.0,5.879297650574883e-10
하락 총영향: Σβ = 0,장중,RSp,1,0.6558362719479522,0.31562456867020844,2.077899938877148,1.0,0.037718576166677634
하락 동시: β_d = β_w = β_m = 0,장중,RSp,1,,,28.13564254439872,3.0,3.401554252912703e-06
d: β⁻ − β⁺,장중,RSp,1,0.25892591009816274,0.22852846025712692,1.1330138478456222,1.0,0.2572084380511003
w: β⁻ − β⁺,장중,RSp,1,0.28557225425239424,0.22593765496367538,1.2639427203858802,1.0,0.206250586832172
m: β⁻ − β⁺,장중,RSp,1,0.08646870928427669,0.0837203171938309,1.03282825701774,1.0,0.3016842775753801
합계: Σβ⁻ − Σβ⁺,장중,RSp,1,0.6309668736348337,0.44556785180691816,1.4160960470466262,1.0,0.15674738531386725
"동시: β⁻ = β⁺ (d,w,m)",장중,RSp,1,,,3.4324639872458125,3.0,0.32962752605425255
상승 총영향: Σβ = 0,밤사이,RSp,1,0.0003978464702737213,0.010149068744864822,0.03920029317714709,1.0,0.9687306998960363
상승 동시: β_d = β_w = β_m = 0,밤사이,RSp,1,,,4.698980529098263,3.0,0.19521367870796008
하락 총영향: Σβ = 0,밤사이,RSp,1,0.04441368919221998,0.014163227418285147,3.135845233613957,1.0,0.001713596078412414
하락 동시: β_d = β_w = β_m = 0,밤사이,RSp,1,,,33.06954766395533,3.0,3.113696099629667e-07
d: β⁻ − β⁺,밤사이,RSp,1,-0.01686076468622707,0.018807326806833505,-0.8964997981584938,1.0,0.3699858880559298
w: β⁻ − β⁺,밤사이,RSp,1,0.03715102822315427,0.02906116904076642,1.2783734945775773,1.0,0.2011177651335989
m: β⁻ − β⁺,밤사이,RSp,1,0.023725579185019066,0.013665678500318834,1.736143520752777,1.0,0.08253846079917664
합계: Σβ⁻ − Σβ⁺,밤사이,RSp,1,0.044015842721946266,0.02283008864289996,1.9279751125992657,1.0,0.0538582218393078
"동시: β⁻ = β⁺ (d,w,m)",밤사이,RSp,1,,,8.022722363108995,3.0,0.04554442970945953
상승 총영향: Σβ = 0,장중,RSn,1,0.1945571120914041,0.05708037765935704,3.408476258732511,1.0,0.000653267694384108
상승 동시: β_d = β_w = β_m = 0,장중,RSn,1,,,318.98068956355803,3.0,7.751767957916209e-69
하락 총영향: Σβ = 0,장중,RSn,1,0.28650010698772843,0.07114640432821903,4.02690915574623,1.0,5.651485478100028e-05
하락 동시: β_d = β_w = β_m = 0,장중,RSn,1,,,23.748747146427203,3.0,2.8186201557084202e-05
d: β⁻ − β⁺,장중,RSn,1,-0.13915316196523092,0.04072522739121912,-3.41687869851487,1.0,0.0006334349650052019
w: β⁻ − β⁺,장중,RSn,1,0.050935153621736264,0.07485640179026493,0.6804381776784839,1.0,0.4962270543555626
m: β⁻ − β⁺,장중,RSn,1,0.18016100323981893,0.11824239811871065,1.5236582317870826,1.0,0.12759410843619506
합계: Σβ⁻ − Σβ⁺,장중,RSn,1,0.09194299489632429,0.11473138044014994,0.8013761757559146,1.0,0.42291390318215316
"동시: β⁻ = β⁺ (d,w,m)",장중,RSn,1,,,27.505266355012694,3.0,4.61277101778212e-06
상승 총영향: Σβ = 0,밤사이,RSn,1,0.007155170923756628,0.008584531920988318,0.8334957560426741,1.0,0.40456519034383975
상승 동시: β_d = β_w = β_m = 0,밤사이,RSn,1,,,3.155747036911938,3.0,0.3682297838876821
하락 총영향: Σβ = 0,밤사이,RSn,1,0.013858953459549551,0.007557224879122164,1.833868077399251,1.0,0.06667357921037641
하락 동시: β_d = β_w = β_m = 0,밤사이,RSn,1,,,3.926424750599413,3.0,0.26951931311579586
d: β⁻ − β⁺,밤사이,RSn,1,-0.0031550047847429237,0.0016747398698963986,-1.8838775152215708,1.0,0.059581545286277016
w: β⁻ − β⁺,밤사이,RSn,1,0.013117165431363473,0.009301242422896998,1.4102594938363033,1.0,0.15846307435989804
m: β⁻ − β⁺,밤사이,RSn,1,-0.003258378110827624,0.007291785287503614,-0.44685601431678323,1.0,0.654979024467119
합계: Σβ⁻ − Σβ⁺,밤사이,RSn,1,0.006703782535792926,0.012443260640282427,0.5387480604634163,1.0,0.5900607066931293
"동시: β⁻ = β⁺ (d,w,m)",밤사이,RSn,1,,,4.467424300554573,3.0,0.2152144355284923
상승 총영향: Σβ = 0,장중,RV,1,0.2194265104045226,0.18234025304556772,1.2033904019519313,1.0,0.22882528033151972
상승 동시: β_d = β_w = β_m = 0,장중,RV,1,,,336.9107088779909,3.0,1.0180050864286058e-72
하락 총영향: Σβ = 0,장중,RV,1,0.9423363789356805,0.37558829551967554,2.5089609824817223,1.0,0.012108685840106022
하락 동시: β_d = β_w = β_m = 0,장중,RV,1,,,36.0163508529681,3.0,7.42900569331423e-08
d: β⁻ − β⁺,장중,RV,1,0.11977274813293187,0.19356211300169882,0.6187819830830256,1.0,0.5360599928686789
w: β⁻ − β⁺,장중,RV,1,0.3365074078741303,0.28779028275983215,1.1692799515227335,1.0,0.24229085791945082
m: β⁻ − β⁺,장중,RV,1,0.2666297125240957,0.15890654729287176,1.6779026230598628,1.0,0.09336611039486144
합계: Σβ⁻ − Σβ⁺,장중,RV,1,0.7229098685311579,0.5448426112429127,1.3268232946796001,1.0,0.18456714278916808
"동시: β⁻ = β⁺ (d,w,m)",장중,RV,1,,,6.335889249054237,3.0,0.09636423543625869
상승 총영향: Σβ = 0,밤사이,RV,1,0.007553017394030418,0.015779674257437704,0.4786548360128743,1.0,0.6321842007130711
상승 동시: β_d = β_w = β_m = 0,밤사이,RV,1,,,9.646221279329882,3.0,0.02182562704678863
하락 총영향: Σβ = 0,밤사이,RV,1,0.05827264265176954,0.019211893311880425,3.033154604066762,1.0,0.0024201157708826845
하락 동시: β_d = β_w = β_m = 0,밤사이,RV,1,,,41.79155567048585,3.0,4.44227649572081e-09
d: β⁻ − β⁺,밤사이,RV,1,-0.02001576947096999,0.018865948118678352,-1.0609469158432199,1.0,0.2887140263203729
w: β⁻ − β⁺,밤사이,RV,1,0.050268193654517714,0.03701503589583375,1.3580479509997094,1.0,0.17444846927905622
m: β⁻ − β⁺,밤사이,RV,1,0.0204672010741914,0.016289915438383165,1.2564338440926153,1.0,0.2089587174882952
합계: Σβ⁻ − Σβ⁺,밤사이,RV,1,0.05071962525773912,0.03281275960008391,1.5457287310150354,1.0,0.12217009540799195
"동시: β⁻ = β⁺ (d,w,m)",밤사이,RV,1,,,3.684364984354214,3.0,0.29762595403709097
상승 총영향: Σβ = 0,장중,RSp,5,0.03728863480041494,0.10568252947780328,0.3528363201057441,1.0,0.7242111532153612
상승 동시: β_d = β_w = β_m = 0,장중,RSp,5,,,84.04758685564113,3.0,4.1550774803934336e-18
하락 총영향: Σβ = 0,장중,RSp,5,0.4268906048842721,0.1645880229151954,2.5936917967854147,1.0,0.009495156205456975
하락 동시: β_d = β_w = β_m = 0,장중,RSp,5,,,29.5749241630969,3.0,1.6954771382529236e-06
d: β⁻ − β⁺,장중,RSp,5,0.09892592690486132,0.08527452212871672,1.1600877311928952,1.0,0.24601308879873773
w: β⁻ − β⁺,장중,RSp,5,0.073097243426699,0.05977725573278572,1.2228270189159542,1.0,0.2213950381095905
m: β⁻ − β⁺,장중,RSp,5,0.21757879975229683,0.1455369557557738,1.4950072208286174,1.0,0.13491255764619714
합계: Σβ⁻ − Σβ⁺,장중,RSp,5,0.3896019700838572,0.25023224920789483,1.5569614680647057,1.0,0.11947963401828159
"동시: β⁻ = β⁺ (d,w,m)",장중,RSp,5,,,2.8653164166648986,3.0,0.41286022992877414
상승 총영향: Σβ = 0,밤사이,RSp,5,-0.006180804865530213,0.01647191877530818,-0.3752328401956058,1.0,0.7074873085902943
상승 동시: β_d = β_w = β_m = 0,밤사이,RSp,5,,,5.301263581061195,3.0,0.15102042025046825
하락 총영향: Σβ = 0,밤사이,RSp,5,0.0394879436918538,0.016234266999912234,2.4323822992480832,1.0,0.014999865776787667
하락 동시: β_d = β_w = β_m = 0,밤사이,RSp,5,,,10.958705851822014,3.0,0.011951277181295232
d: β⁻ − β⁺,밤사이,RSp,5,0.0013831082457828486,0.0027557749556008848,0.501894482701425,1.0,0.6157417464998802
w: β⁻ − β⁺,밤사이,RSp,5,0.022238529858020103,0.01941161910976741,1.1456298277988708,1.0,0.25194835003587934
m: β⁻ − β⁺,밤사이,RSp,5,0.022047110453581063,0.014342820512132811,1.5371530609987818,1.0,0.1242558317862793
합계: Σβ⁻ − Σβ⁺,밤사이,RSp,5,0.045668748557384016,0.03134809988439571,1.456826688883838,1.0,0.14516422675601737
"동시: β⁻ = β⁺ (d,w,m)",밤사이,RSp,5,,,2.5262681359326415,3.0,0.4705625422926064
상승 총영향: Σβ = 0,장중,RSn,5,0.08476842130499453,0.08012866575177795,1.057903816439295,1.0,0.29009929508981136
상승 동시: β_d = β_w = β_m = 0,장중,RSn,5,,,233.27494685305334,3.0,2.7084007219663803e-50
하락 총영향: Σβ = 0,장중,RSn,5,0.29686325308805767,0.08972015980274801,3.308768661811558,1.0,0.00093707230536514
하락 동시: β_d = β_w = β_m = 0,장중,RSn,5,,,24.570813124365962,3.0,1.8983214024054492e-05
d: β⁻ − β⁺,장중,RSn,5,0.0049652968817748555,0.02108027133002329,0.23554236110344076,1.0,0.8137878041279999
w: β⁻ − β⁺,장중,RSn,5,-0.013857073718604479,0.03454852230815097,-0.4010901998935915,1.0,0.68835371585827
m: β⁻ − β⁺,장중,RSn,5,0.22098660861989275,0.14237363070966724,1.5521596767489587,1.0,0.12062402174877905
합계: Σβ⁻ − Σβ⁺,장중,RSn,5,0.21209483178306313,0.15082364542903642,1.406243902802729,1.0,0.1596517115446383
"동시: β⁻ = β⁺ (d,w,m)",장중,RSn,5,,,3.416268714911977,3.0,0.3317852561486489
상승 총영향: Σβ = 0,밤사이,RSn,5,0.005344569183032808,0.010589007678947647,0.5047280486592262,1.0,0.613749857854496
상승 동시: β_d = β_w = β_m = 0,밤사이,RSn,5,,,9.971570454978547,3.0,0.018809349290508637
하락 총영향: Σβ = 0,밤사이,RSn,5,0.014182381254003073,0.0070095083645827115,2.0233061316629692,1.0,0.04304159511414586
하락 동시: β_d = β_w = β_m = 0,밤사이,RSn,5,,,5.006311263387888,3.0,0.17133558549568248
d: β⁻ − β⁺,밤사이,RSn,5,0.001970338198392999,0.0017893158888604359,1.101168446924065,1.0,0.27082335162538074
w: β⁻ − β⁺,밤사이,RSn,5,0.00621455948214659,0.005963517042951889,1.042096373228513,1.0,0.29736699988956106
m: β⁻ − β⁺,밤사이,RSn,5,0.0006529143904306749,0.008575992784766671,0.07613280547418731,1.0,0.9393134408765013
합계: Σβ⁻ − Σβ⁺,밤사이,RSn,5,0.008837812070970263,0.013126300643423757,0.673290389352615,1.0,0.5007625657734329
"동시: β⁻ = β⁺ (d,w,m)",밤사이,RSn,5,,,1.754426601474393,3.0,0.6249020662151288
상승 총영향: Σβ = 0,장중,RV,5,0.12205705610540961,0.18341415601317845,0.6654723864205973,1.0,0.5057483996318584
상승 동시: β_d = β_w = β_m = 0,장중,RV,5,,,154.29922442800236,3.0,3.1135713935395894e-33
하락 총영향: Σβ = 0,장중,RV,5,0.7237538579723295,0.24969231031907235,2.898582888065202,1.0,0.003748532118456924
하락 동시: β_d = β_w = β_m = 0,장중,RV,5,,,37.007317984206864,3.0,4.585004761931737e-08
d: β⁻ − β⁺,장중,RV,5,0.10389122378663598,0.10562780764658765,0.9835594063850879,1.0,0.3253321926257199
w: β⁻ − β⁺,장중,RV,5,0.059240169708094495,0.08063449122261826,0.7346753084178625,1.0,0.4625372614456592
m: β⁻ − β⁺,장중,RV,5,0.4385654083721893,0.27952689378832934,1.5689560400735225,1.0,0.1166581824928281
합계: Σβ⁻ − Σβ⁺,장중,RV,5,0.6016968018669198,0.3945549811124297,1.5250011548972544,1.0,0.12725880960004232
"동시: β⁻ = β⁺ (d,w,m)",장중,RV,5,,,2.947191169263786,3.0,0.39983912893839546
상승 총영향: Σβ = 0,밤사이,RV,5,-0.0008362356824973636,0.025244427302821146,-0.03312555569061816,1.0,0.9735744634357565
상승 동시: β_d = β_w = β_m = 0,밤사이,RV,5,,,8.015710002549444,3.0,0.04568814062619193
하락 총영향: Σβ = 0,밤사이,RV,5,0.05367032494585689,0.02172792249152267,2.4701084499356445,1.0,0.013507209613749453
하락 동시: β_d = β_w = β_m = 0,밤사이,RV,5,,,10.881221095867101,3.0,0.012385806362251032
d: β⁻ − β⁺,밤사이,RV,5,0.0033534464441758475,0.003923597359050902,0.8546866911407619,1.0,0.3927246203293838
w: β⁻ − β⁺,밤사이,RV,5,0.028453089340166705,0.024735548203834695,1.1502914390939467,1.0,0.25002385562990914
m: β⁻ − β⁺,밤사이,RV,5,0.0227000248440117,0.02069754141730326,1.0967498209731497,1.0,0.2727507710146905
합계: Σβ⁻ − Σβ⁺,밤사이,RV,5,0.05450656062835425,0.04339487402839243,1.2560598883797118,1.0,0.2090942576417616
"동시: β⁻ = β⁺ (d,w,m)",밤사이,RV,5,,,1.6588033735820815,3.0,0.6461312444877028
상승 총영향: Σβ = 0,장중,RSp,22,-0.0796825868991308,0.15002379306094926,-0.5311329974623334,1.0,0.5953266194695674
상승 동시: β_d = β_w = β_m = 0,장중,RSp,22,,,29.162601561958216,3.0,2.06998402463808e-06
하락 총영향: Σβ = 0,장중,RSp,22,0.4365032939406053,0.20908665486793496,2.0876669255448803,1.0,0.03682789032678474
하락 동시: β_d = β_w = β_m = 0,장중,RSp,22,,,18.11989688242924,3.0,0.0004155015087451993
d: β⁻ − β⁺,장중,RSp,22,0.019925297323608454,0.015815243182310763,1.2598792882233236,1.0,0.20771291140140447
w: β⁻ − β⁺,장중,RSp,22,-0.03103819468545186,0.039130465020632256,-0.7931976956850987,1.0,0.42766264986013947
m: β⁻ − β⁺,장중,RSp,22,0.5272987782015794,0.35455794283830205,1.4872005799121435,1.0,0.13696184295820707
합계: Σβ⁻ − Σβ⁺,장중,RSp,22,0.516185880839736,0.336138617752349,1.535633972351363,1.0,0.12462817726111099
"동시: β⁻ = β⁺ (d,w,m)",장중,RSp,22,,,2.6549071666900375,3.0,0.4479448176898595
상승 총영향: Σβ = 0,밤사이,RSp,22,-0.0050440026351332495,0.01785804795255067,-0.28244983150091796,1.0,0.7775986097016112
상승 동시: β_d = β_w = β_m = 0,밤사이,RSp,22,,,6.2284338738801965,3.0,0.10101016896950119
하락 총영향: Σβ = 0,밤사이,RSp,22,0.021504145972560753,0.008403704016217397,2.558889024537541,1.0,0.010500725677988203
하락 동시: β_d = β_w = β_m = 0,밤사이,RSp,22,,,8.978956148427585,3.0,0.029571988386285192
d: β⁻ − β⁺,밤사이,RSp,22,0.000567768743819597,0.000550708800673119,1.030978156015713,1.0,0.3025510635206795
w: β⁻ − β⁺,밤사이,RSp,22,0.0070887513027509345,0.0046078558790609205,1.538405603127418,1.0,0.12394947310776082
m: β⁻ − β⁺,밤사이,RSp,22,0.01889162856112347,0.017795635714916515,1.0615877321701006,1.0,0.28842288541602956
합계: Σβ⁻ − Σβ⁺,밤사이,RSp,22,0.026548148607694003,0.021705033762157197,1.2231332555667707,1.0,0.22127936980950147
"동시: β⁻ = β⁺ (d,w,m)",밤사이,RSp,22,,,3.0679493878051574,3.0,0.3812669067771122
상승 총영향: Σβ = 0,장중,RSn,22,-0.030852156328301135,0.10919410432763271,-0.28254415857224696,1.0,0.7775262915905901
상승 동시: β_d = β_w = β_m = 0,장중,RSn,22,,,85.63574512583644,3.0,1.895340548891816e-18
하락 총영향: Σβ = 0,장중,RSn,22,0.30212921006026155,0.1157008960901908,2.6112953336571114,1.0,0.009019996045660873
하락 동시: β_d = β_w = β_m = 0,장중,RSn,22,,,24.260354819155644,3.0,2.2040736930427487e-05
d: β⁻ − β⁺,장중,RSn,22,0.0009576811191104387,0.004458285269663832,0.21480929576824737,1.0,0.829916005101617
w: β⁻ − β⁺,장중,RSn,22,-0.021746684240342484,0.022595258733009983,-0.9624445773029456,1.0,0.33582633060234557
m: β⁻ − β⁺,장중,RSn,22,0.35377036950979474,0.21456008901449292,1.648817220083734,1.0,0.09918508602016626
합계: Σβ⁻ − Σβ⁺,장중,RSn,22,0.3329813663885627,0.20387679852241328,1.633247965446918,1.0,0.1024168556945797
"동시: β⁻ = β⁺ (d,w,m)",장중,RSn,22,,,3.309668073185105,3.0,0.34629929418103006
상승 총영향: Σβ = 0,밤사이,RSn,22,0.011359109353560638,0.012947374297880577,0.8773291859972002,1.0,0.3803078640235439
상승 동시: β_d = β_w = β_m = 0,밤사이,RSn,22,,,10.419870044735749,3.0,0.015314434144590484
하락 총영향: Σβ = 0,밤사이,RSn,22,0.010992643912102536,0.006163272696388066,1.7835725358290055,1.0,0.0744931516541472
하락 동시: β_d = β_w = β_m = 0,밤사이,RSn,22,,,6.065455582643584,3.0,0.10846873386067374
d: β⁻ − β⁺,밤사이,RSn,22,0.000484640537505641,0.00040563800755343693,1.1947611626156522,1.0,0.23218035826502403
w: β⁻ − β⁺,밤사이,RSn,22,0.004109252718003694,0.0021671634947414403,1.8961433818789755,1.0,0.05794108746886757
m: β⁻ − β⁺,밤사이,RSn,22,-0.004960358696967437,0.01193042573366292,-0.4157738212955197,1.0,0.6775755167713859
합계: Σβ⁻ − Σβ⁺,밤사이,RSn,22,-0.00036646544145810256,0.012373674032227912,-0.029616542386976027,1.0,0.9763728721837245
"동시: β⁻ = β⁺ (d,w,m)",밤사이,RSn,22,,,6.090790217537112,3.0,0.10727566995758156
상승 총영향: Σβ = 0,장중,RV,22,-0.1105347432274319,0.25847957206533745,-0.42763434782958926,1.0,0.668917354863023
상승 동시: β_d = β_w = β_m = 0,장중,RV,22,,,49.391493710863415,3.0,1.07666292725675e-10
하락 총영향: Σβ = 0,장중,RV,22,0.7386325040008667,0.3228309996581744,2.287985059622398,1.0,0.02213839119145383
하락 동시: β_d = β_w = β_m = 0,장중,RV,22,,,21.450415715367733,3.0,8.48689926321285e-05
d: β⁻ − β⁺,장중,RV,22,0.02088297844271895,0.019932393722301833,1.04769044469323,1.0,0.2947812513953023
w: β⁻ − β⁺,장중,RV,22,-0.05278487892579431,0.0583620632098526,-0.9044381919123661,1.0,0.36576309444575517
m: β⁻ − β⁺,장중,RV,22,0.8810691477113739,0.5657431831317363,1.557365910861028,1.0,0.11938363484426526
합계: Σβ⁻ − Σβ⁺,장중,RV,22,0.8491672472282986,0.5375883196769288,1.579586490529812,1.0,0.11420159505323756
"동시: β⁻ = β⁺ (d,w,m)",장중,RV,22,,,2.6399410455853562,3.0,0.45053035222742976
상승 총영향: Σβ = 0,밤사이,RV,22,0.006315106718427346,0.029595901830490202,0.213377742452214,1.0,0.8310323396997648
상승 동시: β_d = β_w = β_m = 0,밤사이,RV,22,,,10.375714494862063,3.0,0.0156281388770422
하락 총영향: Σβ = 0,밤사이,RV,22,0.0324967898846633,0.01381384713890244,2.352479331637174,1.0,0.018648726123407757
하락 동시: β_d = β_w = β_m = 0,밤사이,RV,22,,,7.787680832275186,3.0,0.050609682228682853
d: β⁻ − β⁺,밤사이,RV,22,0.0010524092813252357,0.0008797257640874205,1.196292440539067,1.0,0.23158245771699404
w: β⁻ − β⁺,밤사이,RV,22,0.011198004020754633,0.006148218888319974,1.8213411435347473,1.0,0.06855501589224355
m: β⁻ − β⁺,밤사이,RV,22,0.013931269864156081,0.028819831538104884,0.48339178685817413,1.0,0.6288175787297889
합계: Σβ⁻ − Σβ⁺,밤사이,RV,22,0.026181683166235953,0.03341658028572,0.7834937908779447,1.0,0.43333719846213425
"동시: β⁻ = β⁺ (d,w,m)",밤사이,RV,22,,,5.129211546858233,3.0,0.16257648872030878
