,freq,market,unit,tickers,days,start,end,bars_per_day_median
0,60m,US,index,1,721,2023-10-27,2026-09-25,7.0
1,60m,US,etf,1,721,2023-10-27,2026-09-25,7.0
2,60m,US,daily,1,730,2023-10-27,2026-09-25,
3,60m,US,panel,50,721,2023-10-27,2026-09-25,
4,60m,KR,index,1,728,2023-09-21,2026-09-23,6.0
5,60m,KR,etf,1,728,2023-09-21,2026-09-23,6.0
6,60m,KR,daily,1,730,2023-09-21,2026-09-23,
7,60m,KR,panel,50,728,2023-09-21,2026-09-23,
8,5m,US,index,1,60,2026-07-02,2026-09-25,78.0
9,5m,US,etf,1,60,2026-07-02,2026-09-25,78.0
10,5m,US,daily,1,60,2026-07-02,2026-09-25,
11,5m,US,panel,50,60,2026-07-02,2026-09-25,
12,5m,KR,index,1,59,2026-06-30,2026-09-23,72.0
13,5m,KR,etf,1,60,2026-06-30,2026-09-23,72.0
14,5m,KR,daily,1,60,2026-06-30,2026-09-23,
15,5m,KR,panel,50,60,2026-06-30,2026-09-23,
16,10m,US,index,1,60,2026-07-02,2026-09-25,39.0
17,10m,US,etf,1,60,2026-07-02,2026-09-25,39.0
18,10m,US,daily,1,60,2026-07-02,2026-09-25,
19,10m,US,panel,50,60,2026-07-02,2026-09-25,
20,10m,KR,index,1,59,2026-06-30,2026-09-23,36.0
21,10m,KR,etf,1,60,2026-06-30,2026-09-23,36.0
22,10m,KR,daily,1,60,2026-06-30,2026-09-23,
23,10m,KR,panel,50,60,2026-06-30,2026-09-23,
