month,n_members,n_missing,missing_share
2010-01,200,0,0.0
2010-02,200,0,0.0
2010-03,200,0,0.0
2010-04,200,0,0.0
2010-05,200,0,0.0
2010-06,200,0,0.0
2010-07,200,0,0.0
2010-08,200,0,0.0
2010-09,200,0,0.0
2010-10,200,0,0.0
2010-11,200,0,0.0
2010-12,200,0,0.0
2011-01,200,0,0.0
2011-02,200,0,0.0
2011-03,200,0,0.0
2011-04,200,0,0.0
2011-05,200,0,0.0
2011-06,200,0,0.0
2011-07,200,0,0.0
2011-08,200,0,0.0
2011-09,200,0,0.0
2011-10,200,0,0.0
2011-11,200,0,0.0
2011-12,200,0,0.0
2012-01,200,0,0.0
2012-02,200,0,0.0
2012-03,200,0,0.0
2012-04,200,0,0.0
2012-05,200,0,0.0
2012-06,200,0,0.0
2012-07,200,0,0.0
2012-08,200,0,0.0
2012-09,200,0,0.0
2012-10,200,0,0.0
2012-11,200,0,0.0
2012-12,200,0,0.0
2013-01,200,0,0.0
2013-02,200,0,0.0
2013-03,200,0,0.0
2013-04,200,0,0.0
2013-05,200,0,0.0
2013-06,200,0,0.0
2013-07,200,0,0.0
2013-08,200,0,0.0
2013-09,200,0,0.0
2013-10,200,0,0.0
2013-11,200,0,0.0
2013-12,200,0,0.0
2014-01,200,0,0.0
2014-02,200,0,0.0
2014-03,200,0,0.0
2014-04,200,0,0.0
2014-05,200,0,0.0
2014-06,200,0,0.0
2014-07,200,0,0.0
2014-08,200,0,0.0
2014-09,200,0,0.0
2014-10,200,0,0.0
2014-11,200,0,0.0
2014-12,200,0,0.0
2015-01,200,0,0.0
2015-02,200,0,0.0
2015-03,200,0,0.0
2015-04,200,0,0.0
2015-05,200,0,0.0
2015-06,200,0,0.0
2015-07,200,0,0.0
2015-08,200,0,0.0
2015-09,200,0,0.0
2015-10,200,0,0.0
2015-11,200,0,0.0
2015-12,200,0,0.0
2016-01,200,0,0.0
2016-02,200,0,0.0
2016-03,200,0,0.0
2016-04,200,0,0.0
2016-05,200,0,0.0
2016-06,200,0,0.0
2016-07,200,0,0.0
2016-08,200,0,0.0
2016-09,200,0,0.0
2016-10,200,0,0.0
2016-11,200,0,0.0
2016-12,200,0,0.0
2017-01,200,0,0.0
2017-02,200,0,0.0
2017-03,200,0,0.0
2017-04,200,0,0.0
2017-05,200,0,0.0
2017-06,200,0,0.0
2017-07,200,0,0.0
2017-08,200,0,0.0
2017-09,200,0,0.0
2017-10,200,0,0.0
2017-11,200,0,0.0
2017-12,200,0,0.0
2018-01,200,0,0.0
2018-02,200,0,0.0
2018-03,200,0,0.0
2018-04,200,0,0.0
2018-05,200,0,0.0
2018-06,200,0,0.0
2018-07,200,0,0.0
2018-08,200,0,0.0
2018-09,200,0,0.0
2018-10,200,0,0.0
2018-11,200,0,0.0
2018-12,200,0,0.0
2019-01,200,0,0.0
2019-02,200,0,0.0
2019-03,200,0,0.0
2019-04,200,0,0.0
2019-05,200,0,0.0
2019-06,200,0,0.0
2019-07,200,0,0.0
2019-08,200,0,0.0
2019-09,200,0,0.0
2019-10,200,0,0.0
2019-11,200,0,0.0
2019-12,200,0,0.0
2020-01,200,0,0.0
2020-02,200,0,0.0
2020-03,200,0,0.0
2020-04,200,0,0.0
2020-05,200,0,0.0
2020-06,200,0,0.0
2020-07,200,0,0.0
2020-08,200,0,0.0
2020-09,200,0,0.0
2020-10,200,0,0.0
2020-11,200,0,0.0
2020-12,200,0,0.0
2021-01,200,0,0.0
2021-02,200,0,0.0
2021-03,200,0,0.0
2021-04,200,0,0.0
2021-05,200,0,0.0
2021-06,200,0,0.0
2021-07,200,0,0.0
2021-08,200,0,0.0
2021-09,200,0,0.0
2021-10,200,0,0.0
2021-11,200,0,0.0
2021-12,200,0,0.0
2022-01,200,0,0.0
2022-02,200,0,0.0
2022-03,200,0,0.0
2022-04,200,0,0.0
2022-05,200,0,0.0
2022-06,200,0,0.0
2022-07,200,0,0.0
2022-08,200,0,0.0
2022-09,200,0,0.0
2022-10,200,0,0.0
2022-11,200,0,0.0
2022-12,200,0,0.0
2023-01,200,0,0.0
2023-02,200,0,0.0
2023-03,200,0,0.0
2023-04,200,0,0.0
2023-05,200,0,0.0
2023-06,200,0,0.0
2023-07,200,0,0.0
2023-08,200,0,0.0
2023-09,200,0,0.0
2023-10,200,0,0.0
2023-11,200,0,0.0
2023-12,200,0,0.0
2024-01,200,0,0.0
2024-02,200,0,0.0
2024-03,200,0,0.0
2024-04,200,0,0.0
2024-05,200,0,0.0
2024-06,200,0,0.0
2024-07,200,0,0.0
2024-08,200,0,0.0
2024-09,200,0,0.0
2024-10,200,0,0.0
2024-11,200,0,0.0
2024-12,200,0,0.0
2025-01,200,0,0.0
2025-02,200,0,0.0
2025-03,200,0,0.0
2025-04,200,0,0.0
2025-05,200,0,0.0
2025-06,200,0,0.0
2025-07,200,0,0.0
2025-08,200,0,0.0
2025-09,200,0,0.0
2025-10,200,0,0.0
2025-11,200,0,0.0
2025-12,200,0,0.0
2026-01,200,0,0.0
2026-02,200,0,0.0
2026-03,200,0,0.0
2026-04,200,0,0.0
2026-05,200,0,0.0
2026-06,200,0,0.0
2026-07,200,0,0.0
2026-08,200,0,0.0
2026-09,200,0,0.0
