name,start,end,n_days,missing_OHLC,high_lt_low,close_outside_HL,zero_range_days,zero_volume_days,abs_ret_gt_10pct,abs_ret_gt_30pct,max_gap_days
000020.KS,2010-01-04,2026-09-23,4118,0,0,0,0,0,24,0,11
000030.KS,2014-11-19,2019-02-12,1037,22,0,0,0,22,2,0,11
000040.KS,2010-01-04,2026-09-23,4118,56,0,0,3,56,94,3,11
000050.KS,2010-01-04,2026-09-23,4118,13,0,0,1,13,26,0,11
000060.KS,2010-01-04,2023-02-20,3242,29,0,0,0,29,5,0,11
000070.KS,2010-01-04,2026-09-23,4118,45,0,0,0,45,26,0,11
000075.KS,2010-01-04,2025-08-19,3850,163,0,0,241,161,28,0,11
000080.KS,2010-01-04,2026-09-23,4118,0,0,0,0,0,5,0,11
000087.KS,2011-09-26,2026-09-23,3687,0,0,0,4,0,12,0,11
000100.KS,2010-01-04,2026-09-23,4118,3,0,0,0,3,15,0,11
000105.KS,2010-01-04,2026-09-23,4118,189,0,0,362,189,26,0,11
000120.KS,2010-01-04,2026-09-23,4118,0,0,0,0,0,9,0,11
000140.KS,2010-01-04,2026-09-23,4118,0,0,0,0,0,11,0,11
000145.KS,2010-01-04,2026-09-23,4118,65,0,0,193,65,42,0,11
000150.KS,2010-01-04,2026-09-23,4118,13,0,0,0,13,62,0,11
000155.KS,2010-01-04,2026-09-23,4118,15,0,0,7,15,48,0,11
000157.KS,2010-01-04,2026-09-23,4118,376,0,0,291,376,83,0,11
000180.KS,2010-01-04,2026-09-23,4118,29,0,0,0,29,22,0,11
000210.KS,2010-01-04,2026-09-23,4118,17,0,0,0,17,26,0,11
000215.KS,2010-01-04,2026-09-23,4118,17,0,0,1,17,13,0,11
000220.KS,2010-01-04,2026-09-23,4118,0,0,0,0,0,64,0,11
000225.KS,2010-01-04,2026-09-23,4118,11,0,0,30,11,85,1,11
000227.KS,2010-01-04,2026-09-23,4118,86,0,0,102,85,152,0,11
000230.KS,2010-01-04,2026-09-23,4118,36,0,0,4,36,79,2,11
000240.KS,2010-01-04,2026-09-23,4118,23,0,0,0,23,20,0,11
000270.KS,2010-01-04,2026-09-23,4118,0,0,0,0,0,12,0,11
000300.KS,2010-01-04,2026-09-23,4118,655,0,0,5,655,78,1,11
000320.KS,2010-01-04,2026-09-23,4118,2,0,0,2,2,13,0,11
000325.KS,2010-01-04,2026-09-23,4118,111,0,0,99,111,137,0,11
000327.KS,2010-01-04,2017-09-27,1917,46,0,0,19,45,56,0,6
000360.KS,2010-01-04,2015-04-14,1309,70,0,0,3,70,42,2,6
000365.KS,2010-01-04,2015-04-14,1309,81,0,0,38,81,56,1,6
000370.KS,2010-01-04,2026-09-23,4118,0,0,0,0,0,21,0,11
000390.KS,2010-01-04,2026-09-23,4118,0,0,0,0,0,38,0,11
000400.KS,2010-01-04,2026-09-23,4118,0,0,0,0,0,28,0,11
000420.KS,2010-01-04,2015-02-23,1273,233,0,0,2,233,37,1,6
000425.KS,2010-01-04,2015-02-23,1273,242,0,0,12,242,98,4,6
000430.KS,2010-01-04,2026-09-23,4118,0,0,0,0,0,31,0,11
000470.KS,2010-01-04,2012-07-13,632,25,0,0,0,25,24,3,6
000480.KS,2010-01-04,2026-09-23,4118,26,0,0,1,26,15,1,11
000490.KS,2010-01-04,2026-09-23,4118,16,0,0,0,16,51,0,11
000500.KS,2010-01-04,2026-09-23,4118,2,0,0,2,2,84,0,11
000520.KS,2010-01-04,2026-09-23,4118,3,0,0,0,3,65,0,11
000540.KS,2010-01-04,2026-09-23,4118,1,0,0,3,1,23,0,11
000545.KS,2010-01-04,2026-09-23,4118,10,0,0,51,10,178,1,11
000547.KS,2010-01-04,2023-07-14,3341,191,0,0,177,191,157,3,11
000590.KS,2010-01-04,2026-09-23,4118,23,0,0,22,23,91,0,11
000640.KS,2010-01-04,2026-09-23,4118,40,0,0,0,40,10,0,11
000650.KS,2010-01-04,2026-09-23,4118,22,0,0,58,22,67,1,11
000660.KS,2010-01-04,2026-09-23,4118,0,0,0,0,0,35,0,11
000670.KS,2010-01-04,2026-09-23,4118,9,0,0,0,9,25,1,11
000680.KS,2010-01-04,2026-09-23,4118,19,0,0,0,19,41,1,11
000685.KS,2010-01-04,2014-07-14,1125,130,0,0,83,130,142,4,6
000687.KS,2010-12-01,2015-11-25,1234,281,0,0,157,281,15,0,6
000700.KS,2010-01-04,2026-09-23,4118,28,0,0,6,28,31,0,11
000720.KS,2010-01-04,2026-09-23,4118,0,0,0,0,0,29,0,11
000725.KS,2010-01-04,2026-09-23,4118,30,0,0,74,29,116,2,11
000760.KS,2010-01-04,2026-09-23,4118,13,0,0,46,13,89,0,11
000800.KS,2010-01-04,2015-04-14,1309,19,0,0,1,19,32,5,6
000810.KS,2010-01-04,2026-09-23,4118,0,0,0,0,0,9,0,11
000815.KS,2010-01-04,2026-09-23,4118,0,0,0,1,0,2,0,11
000830.KS,2010-01-04,2015-09-14,1414,13,0,0,0,13,2,0,6
000835.KS,2010-01-04,2015-09-14,1414,13,0,0,0,13,8,1,6
000850.KS,2010-01-04,2026-09-23,4118,0,0,0,1,0,13,0,11
000860.KS,2010-01-04,2026-09-23,4118,9,0,0,0,9,4,0,11
000880.KS,2010-01-04,2026-09-23,4118,18,0,0,0,18,25,0,11
000885.KS,2010-01-04,2025-07-14,3825,57,0,0,131,56,89,4,11
00088K.KS,2016-10-19,2026-09-23,2437,17,0,0,0,17,10,0,11
000890.KS,2010-01-04,2026-09-23,4118,62,0,0,2,62,72,1,11
000895.KS,2010-01-04,2015-07-14,1371,129,0,0,94,129,120,5,6
000910.KS,2010-01-04,2026-09-23,4118,0,0,0,0,0,78,0,11
000950.KS,2010-01-04,2026-09-23,4118,269,0,0,179,268,52,0,11
000970.KS,2010-01-04,2026-09-23,4118,1,0,0,0,1,38,0,11
000990.KS,2010-01-04,2026-09-23,4118,0,0,0,1,0,69,0,11
000995.KS,2010-01-04,2023-07-14,3341,80,0,0,96,80,214,5,11
000997.KS,2010-01-04,2015-07-14,1371,219,0,0,128,219,194,4,6
001020.KS,2010-01-04,2026-09-23,4118,53,0,0,0,53,79,1,11
001040.KS,2010-01-04,2026-09-23,4118,0,0,0,0,0,18,0,11
001045.KS,2010-01-04,2026-09-23,4118,0,0,0,7,0,8,0,11
00104K.KS,2019-08-09,2026-09-23,1748,0,0,0,0,0,7,0,8
001060.KS,2010-01-04,2026-09-23,4118,0,0,0,1,0,59,0,11
001065.KS,2010-01-04,2026-09-23,4118,116,0,0,168,115,86,0,11
001067.KS,2010-01-04,2026-09-23,4118,126,0,0,419,125,104,1,11
001070.KS,2010-01-04,2026-09-23,4118,28,0,0,21,28,37,4,11
001080.KS,2010-01-04,2026-09-23,4118,261,0,0,6,261,40,1,11
001120.KS,2010-01-04,2026-09-23,4118,0,0,0,1,0,27,0,11
001130.KS,2010-01-04,2026-09-23,4118,16,0,0,0,16,10,0,11
001140.KS,2010-01-04,2026-01-26,3956,475,0,0,6,475,163,5,11
001200.KS,2010-01-04,2026-09-23,4118,13,0,0,0,13,33,0,11
001210.KS,2010-01-04,2026-09-23,4118,24,0,0,0,24,81,1,11
001230.KS,2010-01-04,2026-09-23,4118,34,0,0,0,34,41,0,11
001250.KS,2010-01-04,2026-09-23,4118,0,0,0,0,0,41,0,11
001260.KS,2010-01-04,2026-09-23,4118,177,0,0,16,177,236,1,11
001270.KS,2010-01-04,2026-09-23,4118,101,0,0,189,101,20,0,11
001275.KS,2010-01-04,2026-09-23,4118,78,0,0,314,78,4,0,11
001290.KS,2010-01-04,2026-09-23,4118,282,0,0,2,282,68,2,11
001300.KS,2010-01-04,2014-07-14,1125,12,0,0,0,12,1,0,6
001310.KS,2010-01-04,2012-05-17,593,5,0,0,0,5,12,4,6
001340.KS,2010-01-04,2026-09-23,4118,203,0,0,25,203,61,0,11
001360.KS,2010-01-04,2026-09-23,4118,16,0,0,3,16,93,0,11
001380.KS,2010-01-04,2026-09-23,4118,36,0,0,7,36,139,3,11
001385.KS,2010-01-04,2013-12-06,979,926,0,0,41,926,38,0,6
001390.KS,2010-01-04,2026-09-23,4118,4,0,0,0,4,41,0,11
001420.KS,2010-01-04,2026-09-23,4118,1,0,0,6,1,59,1,11
001430.KS,2010-01-04,2026-09-23,4118,0,0,0,0,0,33,0,11
001440.KS,2010-01-04,2026-09-23,4118,281,0,0,4,281,103,1,11
001450.KS,2010-01-04,2026-09-23,4118,0,0,0,0,0,4,0,11
001460.KS,2010-01-04,2026-09-23,4118,5,0,0,13,5,18,0,11
001465.KS,2010-01-04,2026-09-23,4118,6,0,0,206,6,14,0,11
001470.KS,2010-01-04,2026-09-23,4118,488,0,0,0,488,167,7,11
001500.KS,2010-01-04,2026-09-23,4118,0,0,0,0,0,12,0,11
001510.KS,2010-01-04,2026-09-23,4118,15,0,0,0,15,54,0,11
001515.KS,2010-01-04,2026-09-23,4118,16,0,0,6,16,115,0,11
001520.KS,2010-01-04,2026-09-23,4118,128,0,0,9,127,85,0,11
001525.KS,2010-01-04,2026-09-23,4118,132,0,0,61,132,186,1,11
001527.KS,2010-01-04,2026-09-23,4118,162,0,0,131,161,206,2,11
001529.KS,2010-01-04,2022-07-14,3093,150,0,0,59,149,207,9,11
001530.KS,2010-01-04,2026-09-23,4118,18,0,0,11,18,26,1,11
001550.KS,2010-01-04,2026-09-23,4118,0,0,0,1,0,110,0,11
001560.KS,2010-01-04,2026-09-23,4118,3,0,0,17,3,21,0,11
001570.KS,2010-01-04,2026-09-23,4118,371,0,0,0,371,114,1,11
001600.KS,2010-01-04,2010-04-14,71,10,0,0,0,10,14,1,4
001620.KS,2010-01-04,2026-09-23,4118,14,0,0,0,14,45,1,11
001630.KS,2010-01-04,2026-09-23,4118,26,0,0,0,26,20,0,11
001680.KS,2010-01-04,2026-09-23,4118,0,0,0,0,0,12,0,11
001685.KS,2010-01-04,2026-09-23,4118,26,0,0,52,26,34,0,11
001687.KS,2010-01-04,2011-05-06,336,86,0,0,57,86,4,0,6
001689.KS,2010-01-04,2017-04-27,1814,426,0,0,364,423,37,0,6
001720.KS,2010-01-04,2026-09-23,4118,0,0,0,1,0,11,0,11
001725.KS,2010-01-04,2024-04-25,3532,51,0,0,151,51,7,0,11
001740.KS,2010-01-04,2026-09-23,4118,0,0,0,0,0,30,0,11
001745.KS,2010-01-04,2023-07-14,3341,20,0,0,39,20,182,8,11
001750.KS,2010-01-04,2026-09-23,4118,0,0,0,1,0,11,0,11
001755.KS,2010-01-04,2026-09-23,4118,294,0,0,272,293,55,0,11
001770.KS,2010-01-04,2026-09-23,4118,55,0,0,13,55,81,4,11
001780.KS,2010-01-04,2026-09-23,4118,0,0,0,2,0,70,0,11
001790.KS,2010-01-04,2026-09-23,4118,15,0,0,0,15,25,0,11
001795.KS,2010-01-04,2026-09-23,4118,158,0,0,195,156,59,1,11
001799.KS,2010-04-09,2020-04-07,2466,477,0,0,221,476,49,0,11
001800.KS,2010-01-04,2026-09-23,4118,27,0,0,0,27,9,0,11
001820.KS,2010-01-04,2026-09-23,4118,0,0,0,1,0,77,0,11
001880.KS,2010-01-04,2024-02-29,3494,26,0,0,1,26,30,0,11
001940.KS,2010-01-04,2026-09-23,4118,33,0,0,40,33,7,0,11
002000.KS,2010-01-04,2018-12-12,2209,41,0,0,128,40,15,0,11
002005.KS,2010-01-04,2018-12-12,2209,276,0,0,210,274,43,2,11
002020.KS,2010-01-04,2026-09-23,4118,20,0,0,3,20,66,1,11
002025.KS,2010-01-04,2026-09-23,4118,79,0,0,109,79,49,1,11
002030.KS,2010-01-04,2026-09-23,4118,26,0,0,0,26,8,0,11
002070.KS,2010-01-04,2026-09-23,4118,73,0,0,80,73,87,3,11
002100.KS,2010-01-04,2026-09-23,4118,0,0,0,1,0,45,0,11
002140.KS,2010-01-04,2026-09-23,4118,13,0,0,1,13,94,1,11
002150.KS,2010-08-12,2026-09-23,3965,6,0,0,7,6,39,0,11
002170.KS,2010-01-04,2026-09-23,4118,5,0,0,33,5,9,2,11
002200.KS,2010-01-04,2026-09-23,4118,14,0,0,31,14,3,0,11
002210.KS,2010-01-04,2026-09-23,4118,300,0,0,2,300,84,2,11
002220.KS,2010-01-04,2026-09-23,4118,10,0,0,17,10,48,0,11
002240.KS,2010-01-04,2026-09-23,4118,0,0,0,0,0,27,0,11
002250.KS,2010-01-04,2019-05-17,2312,45,0,0,14,45,42,0,11
002270.KS,2010-01-04,2022-07-19,3096,33,0,0,0,33,4,0,11
002300.KS,2010-01-04,2020-07-10,2597,10,0,0,0,10,4,0,11
002310.KS,2010-01-04,2026-09-23,4118,9,0,0,0,9,13,0,11
002320.KS,2010-01-04,2026-09-23,4118,0,0,0,0,0,13,0,11
002350.KS,2010-01-04,2026-09-23,4118,0,0,0,0,0,15,0,11
002355.KS,2010-01-04,2026-09-23,4118,9,0,0,36,9,16,0,11
002360.KS,2010-01-04,2026-09-23,4118,17,0,0,0,17,81,0,11
002365.KS,2010-01-04,2014-07-14,1125,53,0,0,90,53,111,4,6
002380.KS,2010-01-04,2026-09-23,4118,15,0,0,0,15,24,0,11
002390.KS,2010-01-04,2026-09-23,4118,0,0,0,9,0,33,0,11
002410.KS,2010-01-04,2026-09-23,4118,918,0,0,7,918,146,0,11
002420.KS,2010-01-04,2026-09-23,4118,441,0,0,196,440,92,0,11
002450.KS,2010-01-04,2026-09-23,4118,0,0,0,0,0,28,0,11
002460.KS,2010-01-04,2026-09-23,4118,0,0,0,0,0,30,0,11
002530.KS,2010-01-04,2014-04-24,1073,172,0,0,21,172,129,6,6
002535.KS,2010-01-04,2014-04-24,1073,185,0,0,30,185,222,6,6
002540.KS,2010-01-04,2010-04-22,77,23,0,0,0,23,17,1,4
002550.KS,2010-01-04,2017-07-20,1869,12,0,0,0,12,5,0,6
002600.KS,2010-01-04,2026-09-23,4118,19,0,0,69,19,22,0,11
002620.KS,2010-01-04,2026-09-23,4118,33,0,0,0,33,71,1,11
002630.KS,2010-01-04,2026-09-23,4118,39,0,0,3,39,140,1,11
002690.KS,2015-09-24,2026-09-23,2697,0,0,0,0,0,24,0,11
002700.KS,2010-01-04,2026-09-23,4118,15,0,0,4,15,90,0,11
002710.KS,2010-01-04,2026-09-23,4118,0,0,0,0,0,67,0,11
002720.KS,2010-01-04,2026-09-23,4118,1,0,0,0,1,99,0,11
002760.KS,2010-01-04,2026-09-23,4118,10,0,0,2,10,55,0,11
002780.KS,2010-01-04,2026-09-23,4118,140,0,0,6,140,126,0,11
002785.KS,2010-01-04,2026-09-23,4118,146,0,0,68,146,304,2,11
002787.KS,2010-01-04,2026-09-23,4118,145,0,0,100,145,292,4,11
002790.KS,2010-01-04,2026-09-23,4118,10,0,0,0,10,18,0,11
002795.KS,2010-01-04,2026-09-23,4118,35,0,0,82,35,29,0,11
002797.KS,2010-01-04,2014-08-18,1149,1149,0,0,0,1149,13,0,6
00279K.KS,2019-12-26,2026-09-23,1655,0,0,0,0,0,4,0,8
002810.KS,2010-01-04,2026-09-23,4118,0,0,0,0,0,3,0,11
002820.KS,2010-01-04,2026-09-23,4118,15,0,0,2,15,32,0,11
002840.KS,2010-01-04,2026-09-23,4118,98,0,0,174,98,18,0,11
002870.KS,2010-01-04,2026-09-23,4118,35,0,0,46,35,62,1,11
002880.KS,2010-01-04,2026-09-23,4118,26,0,0,2,26,96,2,11
002900.KS,2010-01-04,2026-09-23,4118,27,0,0,3,27,87,1,11
002920.KS,2010-01-04,2026-09-23,4118,0,0,0,0,0,19,0,11
002960.KS,2010-01-04,2026-09-23,4118,0,0,0,0,0,3,0,11
002990.KS,2010-01-04,2026-09-23,4118,54,0,0,5,54,128,0,11
002995.KS,2010-01-04,2026-09-23,4118,58,0,0,28,58,282,4,11
003000.KS,2010-01-04,2026-09-23,4118,0,0,0,0,0,43,1,11
003010.KS,2010-01-04,2026-09-23,4118,0,0,0,2,0,85,0,11
003030.KS,2010-01-04,2026-09-23,4118,22,0,0,0,22,29,0,11
003060.KS,2010-01-04,2026-09-23,4118,48,0,0,5,48,134,3,11
003070.KS,2010-01-04,2026-09-23,4118,40,0,0,1,40,52,0,11
003075.KS,2010-01-04,2026-09-23,4118,127,0,0,129,127,110,1,11
003080.KS,2010-01-04,2026-09-23,4118,37,0,0,64,37,12,0,11
003090.KS,2010-01-04,2026-09-23,4118,15,0,0,8,15,46,1,11
0030R0.KS,2025-07-10,2026-09-23,296,0,0,0,0,0,0,0,8
003120.KS,2010-01-04,2026-09-23,4118,7,0,0,4,7,25,0,11
003160.KS,2010-01-04,2026-09-23,4118,2,0,0,8,2,163,0,11
003190.KS,2010-01-04,2013-05-02,831,24,0,0,4,23,55,3,6
003200.KS,2010-01-04,2026-09-23,4118,6,0,0,1,6,17,0,11
003220.KS,2010-01-04,2026-09-23,4118,0,0,0,1,0,31,0,11
003230.KS,2010-01-04,2026-09-23,4118,0,0,0,1,0,51,0,11
003240.KS,2010-01-04,2026-09-23,4118,0,0,0,0,0,18,0,11
003280.KS,2010-01-04,2026-09-23,4118,377,0,0,3,377,121,2,11
003300.KS,2010-01-04,2026-09-23,4118,30,0,0,0,30,14,0,11
003350.KS,2010-01-04,2026-09-23,4118,29,0,0,7,29,139,0,11
003410.KS,2010-01-04,2024-07-08,3580,44,0,0,0,44,23,0,11
003415.KS,2010-01-04,2020-12-02,2695,39,0,0,33,39,132,0,11
003417.KS,2010-01-04,2014-01-13,1002,206,0,0,79,205,102,2,6
003419.KS,2010-01-04,2017-05-15,1822,152,0,0,72,152,59,0,6
00341A.KS,2010-01-04,2014-01-10,1001,1001,0,0,0,1001,0,0,6
00341D.KS,2010-01-04,2014-01-10,1001,1001,0,0,0,1001,0,0,6
003450.KS,2010-01-04,2016-10-31,1690,11,0,0,0,11,4,0,6
003457.KS,2012-01-11,2015-01-12,740,10,0,0,0,10,0,0,6
003460.KS,2010-01-04,2026-09-23,4118,33,0,0,91,32,6,0,11
003465.KS,2010-01-04,2026-09-23,4118,296,0,0,708,295,22,0,11
003470.KS,2010-01-04,2026-09-23,4118,0,0,0,0,0,27,0,11
003475.KS,2010-01-04,2026-09-23,4118,2,0,0,2,2,28,0,11
003480.KS,2010-01-04,2026-09-23,4118,0,0,0,0,0,28,0,11
003490.KS,2010-01-04,2026-09-23,4118,33,0,0,0,33,13,0,11
003495.KS,2010-01-04,2026-09-23,4118,35,0,0,14,35,46,2,11
003520.KS,2010-01-04,2026-09-23,4118,0,0,0,1,0,57,1,11
003530.KS,2010-01-04,2026-09-23,4118,0,0,0,0,0,45,0,11
003535.KS,2010-01-04,2026-09-23,4118,15,0,0,18,14,95,0,11
003540.KS,2010-01-04,2026-09-23,4118,0,0,0,0,0,9,0,11
003545.KS,2010-01-04,2026-09-23,4118,0,0,0,0,0,5,0,11
003547.KS,2010-01-04,2026-09-23,4118,0,0,0,2,0,6,0,11
003550.KS,2010-01-04,2026-09-23,4118,18,0,0,0,18,13,0,11
003555.KS,2010-01-04,2026-09-23,4118,21,0,0,10,21,7,0,11
003560.KS,2010-01-04,2026-01-14,3948,669,0,0,0,669,69,3,11
003570.KS,2010-01-04,2026-09-23,4118,0,0,0,0,0,20,0,11
003580.KS,2010-01-04,2026-09-23,4118,29,0,0,3,29,127,3,11
003600.KS,2010-01-04,2015-08-13,1393,11,0,0,0,11,6,0,6
003605.KS,2010-01-04,2015-08-13,1393,45,0,0,73,45,6,0,6
003610.KS,2010-01-04,2026-09-23,4118,15,0,0,5,15,16,3,11
003620.KS,2010-01-04,2026-09-23,4118,629,0,0,1,629,48,1,11
003640.KS,2010-01-04,2015-01-15,1249,13,0,0,1,13,3,0,6
003650.KS,2010-01-04,2026-09-23,4118,0,0,0,7,0,8,0,11
003670.KS,2019-05-29,2026-09-23,1799,0,0,0,0,0,35,0,8
003680.KS,2010-01-04,2026-09-23,4118,1,0,0,0,1,62,1,11
003690.KS,2010-01-04,2026-09-23,4118,0,0,0,0,0,3,0,11
003720.KS,2010-01-04,2026-09-23,4118,14,0,0,4,14,56,0,11
003780.KS,2010-01-04,2026-09-23,4118,0,0,0,0,0,47,2,11
003830.KS,2010-01-04,2026-09-23,4118,1,0,0,7,1,15,0,11
003850.KS,2010-01-04,2026-09-23,4118,13,0,0,0,13,27,0,11
003920.KS,2010-01-04,2026-09-23,4118,9,0,0,0,9,13,0,11
003925.KS,2010-01-04,2026-09-23,4118,225,0,0,346,225,35,1,11
003940.KS,2010-01-04,2016-01-20,1500,33,0,0,1,33,13,0,6
003945.KS,2010-01-04,2016-01-20,1500,324,0,0,220,322,16,0,6
003960.KS,2010-01-04,2026-09-23,4118,6,0,0,15,6,27,0,11
003965.KS,2010-01-04,2014-07-14,1125,80,0,0,91,80,157,3,6
004000.KS,2010-01-04,2026-09-23,4118,0,0,0,0,0,13,0,11
004010.KS,2010-01-04,2013-01-21,761,16,0,0,0,16,14,0,6
004020.KS,2010-01-04,2026-09-23,4118,0,0,0,0,0,17,0,11
004060.KS,2010-01-04,2026-09-23,4118,26,0,0,1,26,84,0,11
004080.KS,2010-01-04,2026-09-23,4118,11,0,0,89,11,15,0,11
004090.KS,2010-01-04,2026-09-23,4118,3,0,0,4,3,116,0,11
004100.KS,2010-01-04,2026-09-23,4118,12,0,0,8,12,93,1,11
004105.KS,2010-01-04,2026-09-23,4118,26,0,0,110,25,163,1,11
004130.KS,2010-01-04,2018-12-18,2213,14,0,0,0,14,8,0,11
004135.KS,2010-01-04,2018-12-18,2213,37,0,0,88,37,4,0,11
004140.KS,2010-01-04,2026-09-23,4118,2,0,0,2,2,89,0,11
004147.KS,2010-01-04,2010-06-28,121,121,0,0,0,121,0,0,4
004149.KS,2010-01-04,2011-01-20,265,265,0,0,0,265,0,0,4
004150.KS,2010-01-04,2026-09-23,4118,32,0,0,0,32,8,0,11
004170.KS,2010-01-04,2026-09-23,4118,28,0,0,0,28,20,0,11
004200.KS,2010-01-04,2020-07-20,2603,86,0,0,1,86,39,0,11
004250.KS,2010-01-04,2026-09-23,4118,0,0,0,1,0,19,0,11
004255.KS,2010-01-04,2026-09-23,4118,6,0,0,40,6,36,0,11
004270.KS,2010-01-04,2026-09-23,4118,43,0,0,114,43,66,1,11
004310.KS,2010-01-04,2026-09-23,4118,15,0,0,0,15,67,0,11
004360.KS,2010-01-04,2026-09-23,4118,0,0,0,1,0,9,2,11
004365.KS,2010-01-04,2026-09-23,4118,212,0,0,284,212,9,0,11
004367.KS,2010-01-04,2015-04-14,1309,534,0,0,330,534,42,0,6
004370.KS,2010-01-04,2026-09-23,4118,0,0,0,0,0,8,0,11
004380.KS,2010-01-04,2026-09-23,4118,223,0,0,0,223,34,0,11
004410.KS,2010-01-04,2026-09-23,4118,46,0,0,0,46,73,1,11
004415.KS,2010-01-04,2026-09-23,4118,58,0,0,37,58,207,3,11
004430.KS,2010-01-04,2026-09-23,4118,0,0,0,0,0,24,0,11
004440.KS,2016-03-30,2026-09-23,2573,0,0,0,0,0,27,0,11
004450.KS,2010-01-04,2026-09-23,4118,33,0,0,81,32,17,0,11
004490.KS,2010-01-04,2026-09-23,4118,0,0,0,0,0,19,0,11
004540.KS,2010-01-04,2026-09-23,4118,16,0,0,2,16,53,3,11
004545.KS,2010-01-04,2026-09-23,4118,30,0,0,50,30,192,1,11
004550.KS,2010-01-04,2012-06-21,616,202,0,0,1,202,48,1,6
004555.KS,2010-01-04,2012-06-21,616,205,0,0,8,205,94,5,6
004560.KS,2010-01-04,2026-09-23,4118,0,0,0,1,0,49,0,11
004565.KS,2010-01-04,2023-07-14,3341,16,0,0,37,16,194,3,11
004620.KS,2010-01-04,2011-05-16,341,11,0,0,3,11,0,0,6
004690.KS,2010-01-04,2026-09-23,4118,0,0,0,2,0,7,4,11
004700.KS,2010-01-04,2026-09-23,4118,0,0,0,8,0,26,2,11
004710.KS,2010-01-04,2026-09-23,4118,16,0,0,0,16,68,0,11
004720.KS,2010-01-04,2026-09-23,4118,17,0,0,13,17,185,1,11
004740.KS,2010-01-04,2017-07-04,1857,427,0,0,3,427,76,1,6
004770.KS,2010-01-04,2026-09-23,4118,7,0,0,7,7,199,0,11
004800.KS,2010-01-04,2026-09-23,4118,52,0,0,0,52,32,1,11
004820.KS,2010-01-04,2010-04-14,71,9,0,0,2,9,13,3,4
004830.KS,2010-01-04,2026-09-23,4118,4,0,0,1,4,141,3,11
004835.KS,2010-01-04,2026-09-23,4118,4,0,0,20,4,211,2,11
004840.KS,2010-01-04,2026-09-23,4118,14,0,0,0,14,47,0,11
004870.KS,2010-01-04,2026-09-23,4118,115,0,0,4,115,180,0,11
004890.KS,2010-01-04,2026-09-23,4118,12,0,0,1,12,11,4,11
004910.KS,2010-01-04,2026-09-23,4118,0,0,0,3,0,61,0,11
004920.KS,2010-01-04,2026-09-23,4118,38,0,0,12,38,186,0,11
004940.KS,2010-01-04,2013-04-25,827,17,0,0,0,17,1,0,6
004960.KS,2010-01-04,2026-09-23,4118,0,0,0,1,0,27,0,11
004965.KS,2010-01-04,2014-07-14,1125,72,0,0,51,72,181,3,6
004970.KS,2010-01-04,2026-09-23,4118,0,0,0,0,0,5,0,11
004980.KS,2010-01-04,2026-09-23,4118,0,0,0,0,0,59,0,11
004985.KS,2010-01-04,2026-09-23,4118,14,0,0,23,14,154,0,11
004987.KS,2010-01-04,2019-05-09,2306,61,0,0,61,61,165,1,11
004989.KS,2010-01-04,2019-05-09,2306,83,0,0,74,83,107,0,11
004990.KS,2010-01-04,2026-09-23,4118,28,0,0,0,28,6,0,11
00499K.KS,2017-10-30,2026-09-23,2185,0,0,0,3,0,32,0,8
005010.KS,2010-01-04,2026-09-23,4118,13,0,0,0,13,34,0,11
005030.KS,2010-01-04,2026-09-23,4118,841,0,0,1,841,71,2,11
005070.KS,2010-01-04,2026-09-23,4118,18,0,0,0,18,91,0,11
005090.KS,2010-01-04,2026-09-23,4118,2,0,0,0,2,35,1,11
005110.KS,2010-01-04,2026-09-23,4118,624,0,0,7,624,175,5,11
005180.KS,2010-01-04,2026-09-23,4118,0,0,0,1,0,8,0,11
005190.KS,2010-01-04,2021-04-15,2785,24,0,0,14,24,68,0,11
005250.KS,2010-01-04,2026-09-23,4118,12,0,0,2,12,23,0,11
005255.KS,2010-01-04,2017-08-04,1880,403,0,0,251,403,64,1,6
005257.KS,2010-01-04,2026-09-23,4118,366,0,0,296,365,168,2,11
005270.KS,2010-01-04,2011-06-03,355,16,0,0,0,16,0,0,6
005280.KS,2010-01-04,2011-03-29,309,13,0,0,0,13,0,0,6
005300.KS,2010-01-04,2026-09-23,4118,19,0,0,0,19,3,0,11
005305.KS,2010-01-04,2026-09-23,4118,77,0,0,123,77,9,0,11
005320.KS,2010-01-04,2026-09-23,4118,31,0,0,6,31,160,0,11
005350.KS,2010-01-04,2011-04-14,321,51,0,0,1,51,45,2,6
005360.KS,2010-01-04,2026-09-23,4118,1,0,0,2,1,110,1,11
005380.KS,2010-01-04,2026-09-23,4118,0,0,0,0,0,18,0,11
005385.KS,2010-01-04,2026-09-23,4118,0,0,0,0,0,10,0,11
005387.KS,2010-01-04,2026-09-23,4118,0,0,0,0,0,8,0,11
005389.KS,2010-01-04,2026-09-23,4118,0,0,0,0,0,9,0,11
005390.KS,2010-01-04,2025-09-29,3879,17,0,0,2,17,80,1,11
005420.KS,2010-01-04,2026-09-23,4118,10,0,0,0,10,93,1,11
005430.KS,2010-01-04,2026-09-23,4118,2,0,0,0,2,21,0,11
005440.KS,2010-01-04,2026-09-23,4118,39,0,0,0,39,8,0,11
005450.KS,2010-01-04,2020-06-29,2588,371,0,0,10,371,73,3,11
005490.KS,2010-01-04,2026-09-23,4118,0,0,0,0,0,10,0,11
005500.KS,2010-01-04,2026-09-23,4118,0,0,0,0,0,7,0,11
005560.KS,2010-01-04,2014-04-09,1062,58,0,0,0,58,8,1,6
005610.KS,2010-01-04,2026-09-23,4118,0,0,0,0,0,18,0,11
005620.KS,2010-01-04,2017-08-24,1893,45,0,0,4,45,39,0,6
005680.KS,2010-01-04,2026-09-23,4118,0,0,0,0,0,5,0,11
005690.KS,2010-01-04,2026-09-23,4118,14,0,0,2,14,130,1,11
005720.KS,2010-01-04,2026-09-23,4118,15,0,0,0,15,8,0,11
005725.KS,2010-01-04,2026-09-23,4118,336,0,0,292,334,31,1,11
005740.KS,2010-01-04,2026-09-23,4118,42,0,0,1,42,38,0,11
005745.KS,2010-01-04,2026-09-23,4118,106,0,0,101,106,94,0,11
005750.KS,2010-01-04,2026-09-23,4118,1,0,0,2,1,59,0,11
005800.KS,2010-01-04,2026-09-23,4118,36,0,0,92,36,9,0,11
005810.KS,2010-01-04,2026-09-23,4118,0,0,0,0,0,15,0,11
005820.KS,2010-01-04,2026-09-23,4118,5,0,0,28,5,25,0,11
005830.KS,2010-01-04,2026-09-23,4118,0,0,0,0,0,5,0,11
005850.KS,2010-01-04,2026-09-23,4118,32,0,0,0,32,32,0,11
005870.KS,2010-01-04,2026-09-23,4118,0,0,0,2,0,70,0,11
005880.KS,2010-01-04,2026-09-23,4118,112,0,0,13,112,110,0,11
005900.KS,2010-01-04,2014-04-24,1073,139,0,0,9,139,106,4,6
005930.KS,2010-01-04,2026-09-23,4118,3,0,0,0,3,12,0,11
005935.KS,2010-01-04,2026-09-23,4118,3,0,0,0,3,13,0,11
005940.KS,2010-01-04,2026-09-23,4118,0,0,0,0,0,10,0,11
005945.KS,2010-01-04,2026-09-23,4118,0,0,0,0,0,5,0,11
005950.KS,2010-01-04,2026-09-23,4118,21,0,0,0,21,74,0,11
005960.KS,2010-01-04,2026-09-23,4118,102,0,0,4,102,68,0,11
005965.KS,2010-01-04,2026-09-23,4118,176,0,0,117,176,156,4,11
005980.KS,2010-01-04,2018-10-02,2160,208,0,0,21,208,195,3,11
006040.KS,2010-01-04,2026-09-23,4118,4,0,0,0,4,7,0,11
006060.KS,2010-01-04,2026-09-23,4118,14,0,0,0,14,34,0,11
006090.KS,2010-01-04,2026-09-23,4118,0,0,0,6,0,38,0,11
006110.KS,2010-01-04,2026-09-23,4118,17,0,0,10,17,94,0,11
006120.KS,2010-01-04,2026-09-23,4118,24,0,0,0,24,26,0,11
006125.KS,2010-01-04,2026-09-23,4118,25,0,0,2,25,29,1,11
006200.KS,2010-01-04,2026-09-23,4118,16,0,0,1,16,77,1,11
006220.KS,2010-01-04,2026-09-23,4118,23,0,0,96,23,56,0,11
006260.KS,2010-01-04,2026-09-23,4118,0,0,0,0,0,24,0,11
006280.KS,2010-01-04,2026-09-23,4118,0,0,0,0,0,23,0,11
006340.KS,2010-01-04,2026-09-23,4118,13,0,0,1,13,132,0,11
006345.KS,2010-01-04,2026-09-23,4118,22,0,0,16,22,229,1,11
006350.KS,2010-01-04,2013-07-17,883,15,0,0,0,15,1,0,6
006360.KS,2010-01-04,2026-09-23,4118,0,0,0,2,0,35,0,11
006370.KS,2010-01-04,2026-09-23,4118,0,0,0,0,0,41,0,11
006375.KS,2010-01-04,2014-07-14,1125,56,0,0,73,56,118,3,6
006380.KS,2010-01-04,2026-09-16,4113,635,0,0,0,635,60,4,11
006390.KS,2010-01-04,2025-11-20,3912,208,0,0,2,208,100,0,11
006400.KS,2010-01-04,2026-09-23,4118,0,0,0,0,0,26,0,11
006405.KS,2010-01-04,2026-09-23,4118,0,0,0,0,0,25,0,11
006440.KS,2010-01-04,2013-04-15,819,54,0,0,11,54,34,3,6
006490.KS,2010-01-04,2026-09-23,4118,39,0,0,3,39,181,2,11
006570.KS,2010-01-04,2026-09-23,4118,1,0,0,50,1,22,0,11
006650.KS,2010-01-04,2026-09-23,4118,0,0,0,1,0,48,0,11
006660.KS,2010-01-04,2026-09-23,4118,0,0,0,0,0,41,0,11
006740.KS,2010-01-04,2026-09-23,4118,82,0,0,86,82,70,9,11
006800.KS,2010-01-04,2026-09-23,4118,0,0,0,0,0,33,0,11
006805.KS,2010-01-04,2026-09-23,4118,0,0,0,0,0,26,0,11
00680K.KS,2018-03-14,2026-09-23,2094,0,0,0,0,0,14,0,8
006840.KS,2010-01-04,2026-09-23,4118,12,0,0,0,12,25,0,11
006880.KS,2013-11-21,2026-09-23,3151,0,0,0,0,0,52,0,11
006890.KS,2010-01-04,2026-09-23,4118,0,0,0,0,0,36,0,11
006980.KS,2010-01-04,2026-09-23,4118,12,0,0,3,12,96,0,11
007070.KS,2011-12-23,2026-09-23,3624,17,0,0,0,17,13,0,11
007110.KS,2010-01-04,2026-09-23,4118,17,0,0,2,17,126,1,11
007120.KS,2010-01-04,2026-09-23,4118,28,0,0,5,28,131,0,11
007160.KS,2010-01-04,2026-09-23,4118,0,0,0,0,0,33,2,11
007190.KS,2010-01-04,2017-03-14,1782,41,0,0,3,41,21,0,6
007195.KS,2010-01-04,2014-07-14,1125,87,0,0,74,87,166,4,6
007197.KS,2010-01-04,2017-03-14,1782,75,0,0,39,74,137,0,6
007200.KS,2010-01-04,2012-10-16,696,39,0,0,2,39,31,6,6
007210.KS,2010-01-04,2026-09-23,4118,32,0,0,30,32,44,0,11
007280.KS,2010-01-04,2026-09-23,4118,299,0,0,135,299,63,2,11
007310.KS,2010-01-04,2026-09-23,4118,0,0,0,0,0,5,0,11
007340.KS,2010-01-04,2026-09-23,4118,29,0,0,0,29,17,0,11
007460.KS,2010-01-04,2026-09-23,4118,89,0,0,13,89,153,2,11
007480.KS,2010-01-04,2013-01-25,765,21,0,0,7,21,44,0,6
007490.KS,2010-01-04,2010-05-12,90,25,0,0,2,25,10,3,4
007540.KS,2010-01-04,2026-09-23,4118,30,0,0,14,30,51,0,11
007570.KS,2010-01-04,2026-09-23,4118,128,0,0,1,128,55,2,11
007575.KS,2010-01-04,2026-09-23,4118,143,0,0,46,143,98,4,11
007590.KS,2010-01-04,2026-09-23,4118,62,0,0,122,62,11,0,11
007595.KS,2010-01-04,2013-12-11,982,322,0,0,189,320,131,4,6
007610.KS,2010-01-04,2026-09-23,4118,1005,0,0,2,1005,89,0,11
007630.KS,2010-01-04,2022-02-21,2995,633,0,0,6,633,138,6,11
007660.KS,2010-01-04,2026-09-23,4118,0,0,0,0,0,92,0,11
007690.KS,2010-01-04,2026-09-23,4118,0,0,0,0,0,8,0,11
007700.KS,2010-01-04,2026-09-23,4118,15,0,0,10,15,50,2,11
007800.KS,2010-01-04,2012-07-24,639,48,0,0,1,48,21,6,6
007810.KS,2010-01-04,2026-09-23,4118,0,0,0,0,0,90,0,11
007815.KS,2010-01-04,2026-09-23,4118,48,0,0,75,47,72,0,11
00781K.KS,2013-06-17,2026-09-23,3258,19,0,0,68,19,65,0,11
007860.KS,2010-01-04,2026-09-23,4118,35,0,0,1,35,90,0,11
007980.KS,2010-01-04,2026-09-23,4118,14,0,0,6,14,43,0,11
008000.KS,2010-01-04,2018-03-19,2028,37,0,0,3,37,13,0,11
008020.KS,2010-01-04,2016-05-18,1578,16,0,0,1,16,9,1,6
008040.KS,2010-01-04,2026-09-23,4118,16,0,0,1,16,47,2,11
008060.KS,2010-01-04,2026-09-23,4118,14,0,0,0,14,10,0,11
00806K.KS,2018-12-19,2026-09-23,1905,14,0,0,9,14,22,0,8
008080.KS,2010-01-04,2013-09-24,928,137,0,0,2,137,39,5,6
008110.KS,2010-01-04,2026-03-27,3996,424,0,0,9,424,41,0,11
008250.KS,2010-01-04,2026-09-23,4118,0,0,0,3,0,38,0,11
008260.KS,2010-01-04,2026-09-23,4118,0,0,0,0,0,18,0,11
008350.KS,2010-01-04,2026-09-23,4118,0,0,0,0,0,72,1,11
008355.KS,2010-01-04,2026-09-23,4118,5,0,0,19,5,237,2,11
008420.KS,2010-01-04,2026-09-23,4118,0,0,0,0,0,38,0,11
008490.KS,2010-01-04,2026-09-23,4118,0,0,0,1,0,9,0,11
008500.KS,2010-01-04,2026-06-29,4058,284,0,0,76,282,73,5,11
008540.KS,2010-01-04,2012-06-07,606,43,0,0,10,43,105,3,6
008560.KS,2010-01-04,2023-04-24,3286,16,0,0,0,16,8,0,11
008600.KS,2010-01-04,2026-09-23,4118,150,0,0,6,150,98,3,11
008700.KS,2010-01-04,2026-09-23,4118,10,0,0,2,10,98,1,11
008705.KS,2010-01-04,2015-07-14,1371,39,0,0,43,39,185,6,6
008720.KS,2010-01-04,2014-12-29,1238,207,0,0,243,206,7,0,6
008730.KS,2010-01-04,2026-09-23,4118,0,0,0,0,0,38,0,11
008770.KS,2010-01-04,2026-09-23,4118,0,0,0,0,0,17,0,11
008775.KS,2010-01-04,2026-09-23,4118,5,0,0,7,5,53,1,11
008870.KS,2010-01-04,2026-09-23,4118,42,0,0,109,42,56,0,11
008900.KS,2010-01-04,2016-05-16,1576,42,0,0,10,42,106,0,6
008930.KS,2010-01-04,2026-09-23,4118,36,0,0,0,36,65,2,11
008970.KS,2010-01-04,2026-09-23,4118,15,0,0,2,15,97,0,11
008975.KS,2010-01-04,2014-07-14,1125,47,0,0,81,46,132,5,6
009070.KS,2010-01-04,2026-09-23,4118,23,0,0,12,23,67,1,11
009140.KS,2010-01-04,2026-09-23,4118,24,0,0,71,24,45,0,11
009150.KS,2010-01-04,2026-09-23,4118,0,0,0,0,0,36,0,11
009155.KS,2010-01-04,2026-09-23,4118,0,0,0,0,0,36,0,11
009160.KS,2010-01-04,2026-09-23,4118,0,0,0,0,0,28,0,11
009180.KS,2010-01-04,2026-09-23,4118,20,0,0,0,20,54,0,11
009190.KS,2010-01-04,2026-09-23,4118,34,0,0,7,34,183,4,11
009200.KS,2010-01-04,2026-09-23,4118,13,0,0,0,13,13,0,11
009240.KS,2010-01-04,2026-09-23,4118,0,0,0,0,0,22,0,11
009270.KS,2010-01-04,2026-09-23,4118,0,0,0,0,0,63,0,11
009275.KS,2010-01-04,2022-07-14,3093,31,0,0,74,30,175,5,11
009280.KS,2010-01-04,2013-04-15,819,28,0,0,33,28,6,0,6
009290.KS,2010-01-04,2026-09-23,4118,0,0,0,0,0,18,0,11
009310.KS,2010-01-04,2026-09-23,4118,503,0,0,1,503,58,0,11
009320.KS,2010-01-04,2026-09-23,4118,4,0,0,0,4,102,0,11
009380.KS,2010-01-04,2013-01-22,762,43,0,0,28,42,0,0,6
009385.KS,2010-01-04,2013-01-22,762,24,0,0,13,24,17,0,6
009410.KS,2010-01-04,2026-09-23,4118,170,0,0,0,170,30,0,11
009415.KS,2010-01-04,2026-09-23,4118,196,0,0,78,196,133,6,11
009420.KS,2010-01-04,2026-09-23,4118,0,0,0,3,0,89,0,11
009440.KS,2010-01-04,2026-09-23,4118,392,0,0,1,392,60,2,11
009450.KS,2010-01-04,2026-09-23,4118,11,0,0,0,11,29,0,11
009460.KS,2010-01-04,2026-09-23,4118,13,0,0,0,13,62,0,11
009470.KS,2010-01-04,2026-09-23,4118,0,0,0,2,0,129,0,11
009540.KS,2010-01-04,2026-09-23,4118,25,0,0,0,25,17,1,11
009580.KS,2010-01-04,2026-09-23,4118,13,0,0,0,13,7,0,11
009680.KS,2010-01-04,2026-09-23,4118,0,0,0,0,0,16,0,11
009720.KS,2010-01-04,2011-02-15,280,3,0,0,5,3,1,0,6
009770.KS,2010-01-04,2026-09-23,4118,13,0,0,34,13,6,0,11
009810.KS,2010-01-04,2026-09-23,4118,55,0,0,3,55,174,5,11
009815.KS,2010-01-04,2013-12-09,980,328,0,0,183,327,162,4,6
009830.KS,2010-01-04,2026-09-23,4118,23,0,0,0,23,62,0,11
009835.KS,2010-01-04,2026-09-23,4118,26,0,0,3,26,78,1,11
009900.KS,2020-12-07,2026-09-23,1421,0,0,0,0,0,22,0,8
009970.KS,2010-01-04,2026-09-23,4118,0,0,0,0,0,10,0,11
010040.KS,2010-01-04,2026-09-23,4118,0,0,0,0,0,49,0,11
010050.KS,2010-01-04,2023-08-25,3370,31,0,0,13,31,91,0,11
010060.KS,2010-01-04,2026-09-23,4118,20,0,0,0,20,73,0,11
010100.KS,2010-01-04,2026-09-23,4118,3,0,0,0,3,65,1,11
010120.KS,2010-01-04,2026-09-23,4118,3,0,0,0,3,50,0,11
010130.KS,2010-01-04,2026-09-23,4118,0,0,0,0,0,44,1,11
010140.KS,2010-01-04,2026-09-23,4118,12,0,0,0,12,25,1,11
010145.KS,2010-01-04,2023-07-14,3341,53,0,0,82,53,114,5,11
010400.KS,2018-09-14,2026-09-23,1968,0,0,0,0,0,20,0,8
010420.KS,2010-01-04,2025-09-24,3876,32,0,0,1,32,52,0,11
010460.KS,2010-01-04,2014-04-14,1065,98,0,0,83,96,4,0,6
010520.KS,2010-01-04,2015-07-14,1371,30,0,0,0,30,7,0,6
010580.KS,2010-01-04,2026-09-23,4118,657,0,0,0,657,87,1,11
010600.KS,2010-01-04,2026-01-23,3955,446,0,0,1,446,146,6,11
010620.KS,2010-01-04,2025-12-12,3928,12,0,0,0,12,23,0,11
010640.KS,2010-01-04,2026-09-23,4118,319,0,0,1,319,58,0,11
010660.KS,2010-01-04,2026-09-23,4118,14,0,0,1,14,71,2,11
010690.KS,2010-01-04,2026-09-23,4118,0,0,0,0,0,57,0,11
010770.KS,2010-01-04,2026-09-23,4118,2,0,0,28,2,80,0,11
010780.KS,2010-01-04,2026-09-23,4118,1,0,0,1,1,45,1,11
010820.KS,2010-01-04,2026-09-23,4118,0,0,0,0,0,106,1,11
010950.KS,2010-01-04,2026-09-23,4118,0,0,0,0,0,19,0,11
010955.KS,2010-01-04,2026-09-23,4118,0,0,0,0,0,5,0,11
010960.KS,2010-01-04,2026-09-23,4118,0,0,0,0,0,45,0,11
011000.KS,2010-01-04,2026-09-23,4118,84,0,0,6,84,191,3,11
011050.KS,2010-01-04,2010-07-21,138,90,0,0,1,90,21,2,4
011070.KS,2010-01-04,2026-09-23,4118,0,0,0,0,0,34,0,11
011090.KS,2010-01-04,2026-09-23,4118,19,0,0,3,19,111,2,11
011150.KS,2010-01-04,2026-09-23,4118,0,0,0,1,0,62,0,11
011155.KS,2010-01-04,2026-09-23,4118,6,0,0,41,6,193,4,11
011160.KS,2010-01-04,2020-03-23,2522,39,0,0,0,39,24,0,11
011170.KS,2010-01-04,2026-09-23,4118,0,0,0,0,0,32,0,11
011200.KS,2010-01-04,2026-09-23,4118,24,0,0,3,24,73,1,11
011210.KS,2011-02-21,2026-09-23,3835,0,0,0,0,0,33,0,11
011230.KS,2010-01-04,2026-09-23,4118,12,0,0,0,12,119,3,11
011280.KS,2010-01-04,2026-09-23,4118,0,0,0,0,0,44,0,11
011300.KS,2010-01-04,2026-09-23,4118,305,0,0,3,305,114,1,11
011330.KS,2010-01-04,2026-09-23,4118,393,0,0,7,393,126,1,11
011390.KS,2010-01-04,2026-09-23,4118,2,0,0,5,2,121,0,11
011400.KS,2010-01-04,2010-05-19,95,5,0,0,1,5,17,3,4
011420.KS,2010-01-04,2026-09-23,4118,0,0,0,0,0,100,0,11
011500.KS,2010-01-04,2026-09-23,4118,0,0,0,2,0,62,0,11
011690.KS,2010-01-04,2026-09-23,4118,581,0,0,4,581,111,5,11
011700.KS,2010-01-04,2026-09-23,4118,0,0,0,0,0,72,0,11
011720.KS,2010-01-04,2016-11-18,1704,362,0,0,7,361,118,3,6
011760.KS,2010-01-04,2026-09-23,4118,17,0,0,0,17,35,0,11
011780.KS,2010-01-04,2026-09-23,4118,0,0,0,0,0,30,0,11
011785.KS,2010-01-04,2026-09-23,4118,1,0,0,0,1,28,0,11
011790.KS,2010-01-04,2026-09-23,4118,11,0,0,0,11,36,0,11
011800.KS,2010-01-04,2012-08-31,666,5,0,0,1,5,33,2,6
011810.KS,2010-01-04,2026-09-23,4118,722,0,0,10,722,180,0,11
011930.KS,2010-01-04,2026-09-23,4118,14,0,0,1,14,84,0,11
012030.KS,2010-01-04,2026-09-23,4118,14,0,0,5,14,66,0,11
012090.KS,2010-01-04,2010-04-30,83,32,0,0,2,32,15,5,4
012095.KS,2010-01-04,2010-04-30,83,32,0,0,1,32,12,4,4
0120G0.KS,2025-11-24,2026-09-23,205,0,0,0,1,0,24,0,6
012160.KS,2010-01-25,2026-09-23,4103,26,0,0,0,26,65,0,11
012170.KS,2010-01-04,2026-09-23,4118,489,0,0,9,488,236,4,11
012200.KS,2010-01-04,2026-09-23,4118,124,0,0,1,124,52,0,11
012205.KS,2010-01-04,2026-09-23,4118,128,0,0,34,128,125,1,11
012280.KS,2010-01-04,2026-09-23,4118,12,0,0,3,12,73,0,11
012320.KS,2010-01-04,2026-09-23,4118,30,0,0,4,30,42,1,11
012330.KS,2010-01-04,2026-09-23,4118,0,0,0,0,0,14,0,11
012335.KS,2010-01-04,2015-01-15,1249,28,0,0,66,28,28,0,6
012400.KS,2010-01-04,2012-06-11,608,60,0,0,15,60,113,3,6
012405.KS,2010-01-04,2012-06-11,608,111,0,0,60,111,110,4,6
012410.KS,2010-01-04,2013-06-03,852,61,0,0,2,61,94,5,6
012420.KS,2010-01-04,2010-04-20,75,16,0,0,0,16,0,0,4
012450.KS,2010-01-04,2026-09-23,4118,18,0,0,0,18,35,0,11
012510.KS,2010-01-04,2026-07-14,4069,14,0,0,0,14,56,0,11
012580.KS,2010-01-04,2010-07-29,144,5,0,0,3,5,19,2,4
012600.KS,2010-01-04,2025-05-26,3792,1033,0,0,1,1033,81,5,11
012610.KS,2010-01-04,2026-09-23,4118,0,0,0,0,0,38,0,11
012630.KS,2010-01-04,2026-09-23,4118,28,0,0,0,28,18,0,11
012690.KS,2010-01-04,2026-09-23,4118,0,0,0,0,0,116,1,11
0126Z0.KS,2025-11-24,2026-09-23,205,0,0,0,0,0,11,0,6
012750.KS,2010-01-04,2026-09-23,4118,0,0,0,0,0,7,0,11
012800.KS,2010-01-04,2026-09-23,4118,0,0,0,0,0,72,1,11
012805.KS,2010-01-04,2014-01-10,1001,69,0,0,72,69,133,5,6
013000.KS,2010-01-04,2026-09-23,4118,127,0,0,4,127,134,4,11
013005.KS,2010-01-04,2014-07-14,1125,54,0,0,29,54,177,4,6
013240.KS,2010-01-04,2011-04-14,321,45,0,0,6,45,46,2,6
013360.KS,2010-01-04,2026-09-23,4118,14,0,0,12,14,129,0,11
013365.KS,2010-01-04,2013-05-14,839,201,0,0,113,201,16,0,6
013367.KS,2010-01-04,2018-05-10,2064,67,0,0,58,67,199,1,11
013520.KS,2010-01-04,2026-09-23,4118,25,0,0,0,25,32,0,11
013570.KS,2010-01-04,2026-09-23,4118,32,0,0,0,32,26,0,11
013580.KS,2010-01-04,2026-09-23,4118,1,0,0,0,1,36,0,11
013700.KS,2010-01-04,2026-09-23,4118,5,0,0,27,5,86,0,11
013870.KS,2012-11-20,2026-09-23,3398,0,0,0,0,0,21,0,11
013890.KS,2019-10-30,2026-09-23,1695,0,0,0,0,0,16,1,8
014130.KS,2010-01-04,2026-09-23,4118,3,0,0,2,3,59,0,11
014160.KS,2010-01-04,2026-09-23,4118,6,0,0,2,6,82,1,11
014280.KS,2010-01-04,2026-09-23,4118,3,0,0,1,3,45,0,11
014285.KS,2010-01-04,2026-09-23,4118,28,0,0,61,26,171,0,11
014300.KS,2010-01-04,2013-01-17,759,56,0,0,21,55,10,0,6
014350.KS,2010-01-04,2015-04-14,1309,525,0,0,26,525,40,4,6
014440.KS,2010-01-04,2026-09-23,4118,0,0,0,2,0,39,0,11
014530.KS,2010-01-04,2026-09-23,4118,11,0,0,3,11,27,1,11
014580.KS,2010-01-04,2026-09-23,4118,13,0,0,5,13,36,0,11
014590.KS,2010-01-04,2011-05-12,339,27,0,0,2,27,45,2,6
014680.KS,2010-01-04,2026-09-23,4118,0,0,0,0,0,21,0,11
014710.KS,2012-06-29,2026-09-23,3497,0,0,0,1,0,43,0,11
014790.KS,2010-01-04,2026-09-23,4118,0,0,0,1,0,37,0,11
014820.KS,2010-01-04,2026-09-23,4118,20,0,0,0,20,50,0,11
014825.KS,2010-01-04,2026-09-23,4118,102,0,0,200,102,87,0,11
014830.KS,2010-01-04,2026-09-23,4118,21,0,0,0,21,7,0,11
014910.KS,2010-01-04,2026-09-23,4118,1,0,0,1,1,119,2,11
014915.KS,2010-01-04,2026-09-23,4118,15,0,0,69,15,233,2,11
014990.KS,2010-01-04,2026-09-23,4118,18,0,0,4,18,151,2,11
015020.KS,2010-01-04,2026-09-23,4118,133,0,0,4,133,178,0,11
015110.KS,2010-01-04,2012-12-10,735,11,0,0,2,11,48,1,6
015230.KS,2010-01-04,2026-09-23,4118,24,0,0,0,24,9,0,11
015260.KS,2010-01-04,2026-09-23,4118,12,0,0,1,12,148,0,11
015350.KS,2010-01-04,2022-01-17,2973,16,0,0,2,16,6,0,11
015360.KS,2010-01-04,2026-09-23,4118,3,0,0,6,3,3,0,11
015540.KS,2010-01-04,2023-11-06,3416,669,0,0,2,668,189,5,11
015590.KS,2010-01-04,2026-09-23,4118,354,0,0,0,354,65,3,11
015760.KS,2010-01-04,2026-09-23,4118,0,0,0,0,0,7,0,11
015860.KS,2010-01-04,2026-09-23,4118,1,0,0,0,1,51,0,11
015890.KS,2010-01-04,2026-09-23,4118,0,0,0,0,0,18,0,11
016090.KS,2010-01-04,2026-09-23,4118,0,0,0,2,0,50,0,11
016160.KS,2010-01-04,2011-04-25,328,32,0,0,4,32,71,5,6
016167.KS,2010-01-04,2011-04-25,328,33,0,0,6,33,82,4,6
016360.KS,2010-01-04,2026-09-23,4118,0,0,0,0,0,9,0,11
016380.KS,2010-01-04,2026-09-23,4118,91,0,0,4,90,97,2,11
016385.KS,2010-01-04,2022-07-14,3093,124,0,0,64,120,160,7,11
016420.KS,2010-01-04,2015-01-19,1251,18,0,0,0,18,3,0,6
016450.KS,2010-01-04,2026-09-23,4118,0,0,0,0,0,60,0,11
016510.KS,2010-01-04,2011-07-15,384,13,0,0,0,13,1,0,6
016560.KS,2010-01-04,2012-10-16,696,23,0,0,28,23,51,4,6
016570.KS,2010-01-04,2013-03-14,797,30,0,0,52,30,0,0,6
016575.KS,2010-01-04,2013-03-14,797,321,0,0,129,319,42,0,6
016580.KS,2010-01-04,2026-09-23,4118,8,0,0,0,8,10,0,11
016590.KS,2010-01-04,2026-09-23,4118,4,0,0,0,4,18,0,11
016610.KS,2010-01-04,2026-09-23,4118,0,0,0,0,0,14,0,11
016710.KS,2010-01-04,2026-09-23,4118,0,0,0,4,0,36,4,11
016740.KS,2016-07-29,2026-09-23,2490,0,0,0,0,0,16,0,11
016800.KS,2010-01-04,2026-09-23,4118,45,0,0,15,44,18,0,11
016880.KS,2010-01-04,2026-09-23,4118,65,0,0,6,65,98,1,11
017040.KS,2010-01-04,2026-09-23,4118,115,0,0,2,115,84,1,11
017170.KS,2010-01-04,2011-05-12,339,35,0,0,10,35,54,3,6
017180.KS,2010-01-04,2026-09-23,4118,0,0,0,1,0,85,0,11
017300.KS,2010-01-04,2010-04-14,71,9,0,0,9,9,22,2,4
017370.KS,2010-01-04,2026-09-23,4118,0,0,0,1,0,36,0,11
017390.KS,2010-01-04,2026-09-23,4118,9,0,0,66,9,14,4,11
017550.KS,2010-01-04,2026-09-23,4118,0,0,0,0,0,65,0,11
017555.KS,2010-01-04,2013-12-30,994,181,0,0,146,181,129,4,6
017670.KS,2010-01-04,2026-09-23,4118,24,0,0,0,24,11,0,11
017800.KS,2010-01-04,2026-09-23,4118,0,0,0,0,0,66,0,11
017810.KS,2010-01-04,2026-09-23,4118,3,0,0,0,3,23,0,11
017860.KS,2023-12-22,2026-09-23,669,0,0,0,0,0,27,0,8
017900.KS,2010-01-04,2026-09-23,4118,2,0,0,0,2,65,1,11
017940.KS,2010-01-04,2026-09-23,4118,0,0,0,0,0,6,0,11
017960.KS,2010-01-04,2026-09-23,4118,0,0,0,0,0,26,0,11
018250.KS,2018-03-22,2026-09-23,2088,0,0,0,0,0,16,0,8
018260.KS,2014-11-14,2026-09-23,2911,0,0,0,0,0,17,0,11
018410.KS,2010-01-04,2010-05-12,90,25,0,0,1,25,13,1,4
018415.KS,2010-01-04,2010-05-12,90,49,0,0,9,49,13,3,4
018417.KS,2010-01-04,2010-05-12,90,25,0,0,1,25,13,5,4
018470.KS,2010-01-04,2026-09-23,4118,28,0,0,6,28,66,0,11
018500.KS,2010-01-04,2026-09-23,4118,0,0,0,0,0,57,2,11
018670.KS,2010-01-04,2026-09-23,4118,0,0,0,0,0,15,0,11
018880.KS,2010-01-04,2026-09-23,4118,14,0,0,0,14,25,0,11
019170.KS,2010-01-04,2026-09-23,4118,23,0,0,0,23,126,2,11
019175.KS,2010-01-04,2026-09-23,4118,200,0,0,176,200,188,2,11
019180.KS,2010-01-04,2026-09-23,4118,0,0,0,1,0,66,0,11
019300.KS,2010-01-04,2016-08-10,1637,15,0,0,0,15,23,3,6
019440.KS,2011-06-01,2026-02-11,3616,15,0,0,0,15,10,0,11
019490.KS,2010-01-04,2026-09-23,4118,603,0,0,19,603,119,2,11
019680.KS,2010-01-04,2026-09-23,4118,18,0,0,0,18,9,0,11
019685.KS,2010-01-04,2026-09-23,4118,18,0,0,19,18,16,0,11
020000.KS,2010-01-04,2026-09-23,4118,0,0,0,0,0,9,0,11
020120.KS,2010-01-04,2026-09-23,4118,1,0,0,19,1,118,0,11
020150.KS,2011-03-04,2026-09-23,3827,0,0,0,0,0,69,0,11
020560.KS,2010-01-04,2026-09-23,4118,51,0,0,0,51,43,1,11
020760.KS,2010-01-04,2026-09-23,4118,251,0,0,0,251,52,0,11
021050.KS,2010-01-04,2026-09-23,4118,0,0,0,1,0,75,1,11
021240.KS,2010-01-04,2026-09-23,4118,0,0,0,2,0,12,0,11
021820.KS,2010-01-04,2026-09-23,4118,853,0,0,14,853,22,0,11
021960.KS,2010-01-04,2017-07-20,1869,12,0,0,0,12,2,0,6
022100.KS,2024-01-02,2026-09-23,665,0,0,0,0,0,17,0,8
022520.KS,2011-07-19,2012-01-10,121,14,0,0,0,14,3,0,5
023000.KS,2011-07-22,2026-09-23,3730,0,0,0,0,0,17,0,11
023150.KS,2010-01-04,2026-09-23,4118,0,0,0,1,0,62,0,11
023350.KS,2011-04-28,2026-09-23,3788,0,0,0,1,0,72,0,11
023450.KS,2010-01-04,2026-09-23,4118,27,0,0,92,27,59,0,11
023530.KS,2010-01-04,2026-09-23,4118,16,0,0,0,16,10,0,11
023590.KS,2010-01-04,2026-09-23,4118,0,0,0,2,0,30,0,11
023800.KS,2010-01-04,2026-09-23,4118,0,0,0,0,0,50,1,11
023810.KS,2010-01-04,2026-09-23,4118,0,0,0,1,0,44,0,11
023960.KS,2010-01-04,2026-09-23,4118,6,0,0,26,6,115,3,11
024070.KS,2010-01-04,2026-09-23,4118,0,0,0,0,0,11,0,11
024090.KS,2010-01-04,2026-09-23,4118,0,0,0,0,0,19,1,11
024100.KS,2010-01-04,2011-10-13,444,11,0,0,0,11,15,5,6
024110.KS,2010-01-04,2026-09-23,4118,0,0,0,0,0,5,0,11
024720.KS,2010-01-04,2026-09-23,4118,14,0,0,0,14,49,0,11
024870.KS,2010-01-04,2010-04-30,83,22,0,0,2,22,16,1,4
024890.KS,2010-01-04,2026-09-23,4118,18,0,0,1,18,74,0,11
024900.KS,2010-01-04,2026-09-23,4118,12,0,0,2,12,84,0,11
025000.KS,2010-01-04,2026-09-23,4118,19,0,0,0,19,4,0,11
025530.KS,2010-01-04,2026-09-23,4118,20,0,0,1,20,24,0,11
025540.KS,2010-01-04,2026-09-23,4118,0,0,0,0,0,18,0,11
025560.KS,2010-01-04,2026-09-23,4118,57,0,0,7,57,186,1,11
025610.KS,2010-01-04,2012-07-24,639,50,0,0,9,50,16,6,6
025620.KS,2010-01-04,2026-09-23,4118,117,0,0,10,117,255,2,11
025750.KS,2010-01-04,2026-09-23,4118,21,0,0,2,21,61,0,11
025820.KS,2010-01-04,2026-09-23,4118,0,0,0,0,0,71,0,11
025850.KS,2010-01-04,2016-03-14,1534,12,0,0,0,12,18,0,6
025860.KS,2010-01-04,2026-09-23,4118,6,0,0,1,6,37,0,11
025890.KS,2010-01-04,2026-09-23,4118,0,0,0,0,0,78,1,11
026870.KS,2010-01-04,2012-11-14,717,13,0,0,44,13,2,0,6
026890.KS,2010-01-04,2026-09-23,4118,0,0,0,0,0,65,0,11
026940.KS,2010-01-04,2026-09-23,4118,0,0,0,0,0,53,0,11
026960.KS,2016-07-15,2026-09-23,2500,0,0,0,0,0,10,0,11
027390.KS,2010-01-04,2020-04-14,2538,34,0,0,6,34,31,0,11
027410.KS,2014-05-19,2026-09-23,3032,29,0,0,1,29,14,2,11
027740.KS,2010-01-04,2026-09-23,4118,42,0,0,4,42,60,0,11
027840.KS,2010-01-04,2010-07-13,132,11,0,0,0,11,1,0,4
027970.KS,2010-01-04,2026-09-23,4118,28,0,0,8,28,95,0,11
028050.KS,2010-01-04,2026-09-23,4118,10,0,0,0,10,33,0,11
028100.KS,2010-01-04,2026-09-23,4118,0,0,0,0,0,40,0,11
028260.KS,2014-12-18,2026-09-23,2887,0,0,0,0,0,25,0,11
02826K.KS,2015-09-15,2026-09-23,2704,0,0,0,0,0,17,0,11
028670.KS,2010-01-04,2026-09-23,4118,75,0,0,5,75,84,1,11
029460.KS,2010-01-04,2026-09-23,4118,26,0,0,0,26,34,0,11
029530.KS,2010-01-04,2026-09-23,4118,0,0,0,0,0,6,0,11
029780.KS,2010-01-04,2026-09-23,4118,0,0,0,0,0,7,0,11
030000.KS,2010-01-04,2026-09-23,4118,11,0,0,0,11,5,0,11
030190.KS,2023-08-08,2026-09-23,761,0,0,0,0,0,0,0,8
030200.KS,2010-01-04,2026-09-23,4118,0,0,0,0,0,1,0,11
030210.KS,2010-01-04,2026-09-23,4118,1,0,0,0,1,38,1,11
030610.KS,2010-01-04,2026-09-23,4118,0,0,0,0,0,12,0,11
030720.KS,2010-01-04,2026-09-23,4118,2,0,0,2,2,77,0,11
030790.KS,2010-11-02,2024-05-10,3333,595,0,0,4,594,158,12,11
031210.KS,2025-03-14,2026-09-23,375,0,0,0,0,0,1,0,8
031430.KS,2011-07-14,2026-09-23,3736,3,0,0,0,3,20,0,11
031440.KS,2010-04-29,2026-08-10,4006,15,0,0,0,15,10,0,11
031820.KS,2010-01-04,2026-09-23,4118,16,0,0,2,16,91,1,11
032350.KS,2010-01-04,2026-09-23,4118,134,0,0,3,134,73,0,11
032560.KS,2010-01-04,2026-09-23,4118,0,0,0,0,0,21,0,11
032640.KS,2010-01-04,2026-09-23,4118,0,0,0,0,0,3,0,11
032830.KS,2010-05-12,2026-09-23,4029,0,0,0,0,0,18,0,11
033180.KS,2010-01-04,2026-01-14,3948,668,0,0,0,668,96,1,11
033240.KS,2010-01-04,2026-09-23,4118,0,0,0,0,0,49,0,11
033250.KS,2010-01-04,2026-09-23,4118,18,0,0,2,18,142,0,11
033270.KS,2010-01-04,2026-09-23,4118,2,0,0,1,2,50,1,11
033530.KS,2010-01-04,2026-09-23,4118,0,0,0,0,0,38,0,11
033660.KS,2010-01-04,2021-08-26,2877,14,0,0,0,14,5,0,11
033780.KS,2010-01-04,2026-09-23,4118,0,0,0,0,0,3,0,11
033920.KS,2010-07-20,2026-09-23,3982,0,0,0,0,0,12,0,11
034020.KS,2010-01-04,2026-09-23,4118,0,0,0,0,0,43,0,11
034120.KS,2010-01-04,2026-09-23,4118,0,0,0,0,0,21,0,11
034220.KS,2010-01-04,2026-09-23,4118,0,0,0,0,0,15,0,11
034230.KS,2024-06-24,2026-09-23,549,0,0,0,0,0,8,0,8
034300.KS,2010-01-04,2025-02-21,3730,18,0,0,8,18,14,0,11
034310.KS,2010-01-04,2026-09-23,4118,33,0,0,7,33,9,0,11
034590.KS,2010-01-04,2026-09-23,4118,1,0,0,35,1,0,0,11
034730.KS,2010-01-04,2026-09-23,4118,0,0,0,0,0,23,0,11
03473K.KS,2015-08-17,2026-09-23,2725,0,0,0,0,0,29,1,11
034830.KS,2016-07-11,2026-09-23,2504,0,0,0,0,0,1,0,11
035000.KS,2010-01-04,2026-09-23,4118,1,0,0,3,1,3,0,11
035150.KS,2010-01-04,2026-09-23,4118,0,0,0,0,0,48,0,11
035250.KS,2010-01-04,2026-09-23,4118,0,0,0,0,0,3,0,11
035420.KS,2010-01-04,2026-09-23,4118,24,0,0,0,24,9,0,11
035510.KS,2010-01-04,2026-09-23,4118,3,0,0,2,3,29,0,11
035720.KS,2017-07-10,2026-09-23,2258,3,0,0,0,3,8,0,11
036420.KS,2019-10-18,2026-09-23,1703,12,0,0,2,12,30,3,8
036460.KS,2010-01-04,2026-09-23,4118,0,0,0,0,0,21,0,11
036530.KS,2010-01-04,2026-09-23,4118,0,0,0,0,0,7,0,11
036570.KS,2010-01-04,2026-09-23,4118,0,0,0,0,0,22,0,11
036580.KS,2010-01-04,2026-09-23,4118,0,0,0,0,0,36,0,11
036585.KS,2010-01-04,2013-06-13,859,104,0,0,94,104,61,0,6
037270.KS,2010-01-04,2026-09-23,4118,12,0,0,7,12,132,0,11
037560.KS,2012-11-09,2026-09-23,3405,31,0,0,0,31,22,0,11
037620.KS,2010-01-04,2017-01-19,1747,21,0,0,0,21,6,0,6
037710.KS,2010-01-04,2026-09-23,4118,4,0,0,4,4,10,0,11
039130.KS,2011-11-01,2026-09-23,3662,0,0,0,0,0,11,0,11
039490.KS,2010-01-04,2026-09-23,4118,0,0,0,0,0,20,0,11
039570.KS,2015-09-24,2026-09-23,2697,1,0,0,0,1,10,0,11
041650.KS,2010-01-04,2026-09-23,4118,0,0,0,0,0,19,0,11
042660.KS,2010-01-04,2026-09-23,4118,315,0,0,0,315,46,1,11
042670.KS,2010-01-04,2026-01-23,3955,45,0,0,0,45,45,0,11
042700.KS,2010-01-04,2026-09-23,4118,20,0,0,0,20,63,0,11
044380.KS,2010-01-04,2026-09-23,4118,30,0,0,4,30,130,0,11
044450.KS,2010-01-04,2026-09-23,4118,0,0,0,1,0,7,0,11
044820.KS,2010-01-04,2026-09-23,4118,27,0,0,0,27,26,0,11
045710.KS,2010-01-04,2011-03-21,303,16,0,0,0,16,4,0,6
047040.KS,2010-01-04,2026-09-23,4118,0,0,0,0,0,41,0,11
047050.KS,2010-01-04,2026-09-23,4118,0,0,0,0,0,44,0,11
047400.KS,2010-01-04,2026-09-23,4118,12,0,0,1,12,85,0,11
047810.KS,2011-06-30,2026-09-23,3746,6,0,0,0,5,34,1,11
049770.KS,2010-01-04,2025-07-30,3837,19,0,0,0,19,11,0,11
049800.KS,2010-01-04,2026-09-23,4118,0,0,0,0,0,53,0,11
051310.KS,2010-01-04,2016-04-14,1556,43,0,0,0,43,32,3,6
051600.KS,2010-01-04,2026-09-23,4118,0,0,0,0,0,16,0,11
051630.KS,2010-01-04,2026-09-23,4118,0,0,0,3,0,98,3,11
051900.KS,2010-01-04,2026-09-23,4118,0,0,0,0,0,11,0,11
051905.KS,2010-01-04,2026-09-23,4118,1,0,0,2,0,7,0,11
051910.KS,2010-01-04,2026-09-23,4118,0,0,0,0,0,20,0,11
051915.KS,2010-01-04,2026-09-23,4118,0,0,0,0,0,18,0,11
052690.KS,2010-01-04,2026-09-23,4118,0,0,0,0,0,69,0,11
053000.KS,2010-01-04,2014-11-18,1210,28,0,0,0,28,0,0,6
053210.KS,2011-06-03,2026-09-23,3764,0,0,0,0,0,6,0,11
053690.KS,2010-01-04,2026-09-23,4118,0,0,0,1,0,58,0,11
055490.KS,2017-10-31,2026-09-23,2184,0,0,0,0,0,26,0,8
055550.KS,2010-01-04,2026-09-23,4118,0,0,0,0,0,3,0,11
057050.KS,2010-09-13,2026-07-16,3896,15,0,0,0,15,7,0,11
058430.KS,2010-01-04,2026-09-23,4118,11,0,0,1,11,42,0,11
058650.KS,2010-01-04,2026-09-23,4118,0,0,0,1,0,12,0,11
058730.KS,2010-01-04,2026-09-23,4118,0,0,0,0,0,50,0,11
058850.KS,2010-09-16,2026-09-23,3940,0,0,0,0,0,18,0,11
058860.KS,2010-12-17,2026-09-23,3877,0,0,0,0,0,21,0,11
060980.KS,2010-05-19,2026-09-23,4024,23,0,0,1,23,20,0,11
062040.KS,2024-07-29,2026-09-23,524,0,0,0,0,0,33,0,8
063160.KS,2010-01-04,2026-09-23,4118,0,0,0,0,0,45,0,11
064350.KS,2013-10-30,2026-09-23,3167,0,0,0,0,0,46,0,11
064400.KS,2025-02-05,2026-09-23,401,0,0,0,0,0,12,0,8
064420.KS,2010-01-04,2013-01-14,756,15,0,0,0,15,9,0,6
064960.KS,2010-01-04,2026-09-23,4118,0,0,0,0,0,12,0,11
066570.KS,2010-01-04,2026-09-23,4118,0,0,0,0,0,28,0,11
066575.KS,2010-01-04,2026-09-23,4118,0,0,0,0,0,23,0,11
066970.KS,2024-01-29,2026-09-23,646,0,0,0,0,0,33,0,8
067250.KS,2010-01-04,2014-04-14,1065,60,0,0,1,60,44,3,6
067830.KS,2010-01-04,2026-09-23,4118,0,0,0,0,0,8,0,11
068270.KS,2018-02-09,2026-09-23,2114,0,0,0,0,0,15,0,8
068290.KS,2010-01-04,2026-09-23,4118,0,0,0,0,0,97,0,11
068400.KS,2012-07-27,2024-01-30,2833,13,0,0,0,13,14,1,11
068870.KS,2010-01-04,2017-01-16,1744,13,0,0,0,13,6,0,6
068875.KS,2010-01-04,2017-01-16,1744,97,0,0,123,97,19,0,6
069260.KS,2010-01-04,2026-09-23,4118,0,0,0,0,0,16,0,11
069460.KS,2010-01-04,2026-09-23,4118,275,0,0,2,275,122,5,11
069470.KS,2010-01-04,2010-04-30,83,31,0,0,1,31,14,5,4
069620.KS,2010-01-04,2026-09-23,4118,0,0,0,0,0,35,1,11
069640.KS,2011-06-21,2026-09-23,3753,11,0,0,0,11,45,0,11
069730.KS,2010-01-04,2026-09-23,4118,0,0,0,0,0,49,0,11
069960.KS,2010-01-04,2026-09-23,4118,0,0,0,0,0,9,0,11
070960.KS,2016-05-27,2026-09-23,2534,0,0,0,0,0,19,0,11
071050.KS,2010-01-04,2026-09-23,4118,0,0,0,0,0,23,0,11
071055.KS,2010-01-04,2026-09-23,4118,2,0,0,8,2,11,0,11
071057.KS,2010-01-04,2010-06-03,104,9,0,0,3,9,0,0,4
071090.KS,2010-01-04,2026-09-23,4118,4,0,0,8,4,136,0,11
071320.KS,2010-01-29,2026-09-23,4099,0,0,0,0,0,15,0,11
071840.KS,2011-06-29,2026-09-23,3747,10,0,0,1,10,15,0,11
071950.KS,2010-01-04,2026-09-23,4118,29,0,0,4,29,165,3,11
071955.KS,2010-01-04,2011-05-25,348,348,0,0,0,348,0,0,6
071970.KS,2010-01-04,2026-09-23,4118,366,0,0,3,366,156,5,11
072130.KS,2010-01-04,2026-09-23,4118,0,0,0,2,0,57,0,11
072710.KS,2010-01-04,2026-09-23,4118,0,0,0,0,0,2,0,11
073240.KS,2010-01-04,2026-09-23,4118,15,0,0,3,15,48,2,11
074610.KS,2010-01-04,2026-09-23,4118,373,0,0,4,373,204,2,11
075180.KS,2010-01-04,2026-09-23,4118,0,0,0,0,0,8,0,11
075580.KS,2015-11-30,2026-09-23,2653,0,0,0,0,0,32,0,11
077500.KS,2010-01-04,2026-09-23,4118,14,0,0,3,14,48,1,11
077970.KS,2010-01-04,2026-09-23,4118,280,0,0,4,280,131,0,11
078000.KS,2010-01-04,2026-09-23,4118,3,0,0,8,2,11,0,11
078420.KS,2010-01-04,2010-11-26,227,112,0,0,81,112,0,0,4
078520.KS,2011-09-07,2026-09-23,3698,0,0,0,0,0,57,0,11
078930.KS,2010-01-04,2026-09-23,4118,0,0,0,0,0,12,0,11
078935.KS,2010-01-04,2026-09-23,4118,0,0,0,3,0,2,0,11
079160.KS,2010-01-04,2026-09-23,4118,0,0,0,0,0,21,0,11
079430.KS,2010-01-04,2026-09-23,4118,0,0,0,0,0,22,0,11
079440.KS,2017-05-11,2020-02-13,676,15,0,0,0,15,3,0,11
079550.KS,2015-10-02,2026-09-23,2693,0,0,0,0,0,39,0,11
079660.KS,2010-01-04,2019-06-25,2338,18,0,0,1,18,28,0,11
079900.KS,2024-08-19,2026-09-23,510,0,0,0,0,0,22,0,8
079980.KS,2012-02-23,2026-09-23,3583,0,0,0,1,0,20,0,11
080030.KS,2010-01-04,2013-08-16,904,537,0,0,214,537,2,0,6
080180.KS,2010-01-04,2014-07-09,1122,491,0,0,355,491,4,0,6
080410.KS,2010-01-04,2010-10-22,202,179,0,0,20,179,0,0,4
080960.KS,2010-01-04,2014-02-10,1020,553,0,0,284,553,1,0,6
080970.KS,2010-01-04,2014-02-17,1025,498,0,0,330,498,0,0,6
080980.KS,2010-01-04,2014-04-24,1073,579,0,0,260,579,4,0,6
081000.KS,2010-01-04,2026-09-23,4118,10,0,0,1,10,70,0,11
081190.KS,2010-01-04,2014-12-17,1231,528,0,0,346,528,14,0,6
081200.KS,2010-01-04,2014-12-19,1233,617,0,0,351,617,28,0,6
081210.KS,2010-01-04,2015-01-19,1251,762,0,0,321,762,2,0,6
081660.KS,2010-09-28,2026-09-23,3935,3,0,0,0,3,10,0,11
081930.KS,2010-01-04,2015-02-16,1271,483,0,0,381,483,11,0,6
081940.KS,2010-01-04,2015-01-07,1243,789,0,0,281,789,2,0,6
082110.KS,2010-01-04,2011-01-03,252,67,0,0,126,67,0,0,4
082240.KS,2010-01-04,2015-03-12,1286,765,0,0,290,763,1,0,6
082250.KS,2010-01-04,2015-03-12,1286,684,0,0,317,683,0,0,6
082260.KS,2010-01-04,2015-03-12,1286,776,0,0,280,775,2,0,6
082640.KS,2010-01-04,2026-08-28,4100,15,0,0,0,15,17,0,11
082740.KS,2011-01-04,2026-09-23,3866,10,0,0,0,10,51,0,11
083350.KS,2010-01-04,2017-06-13,1842,730,0,0,531,730,12,0,6
083360.KS,2010-01-04,2017-06-13,1842,895,0,0,445,895,18,0,6
083370.KS,2010-01-04,2020-06-22,2583,866,0,0,935,866,14,0,11
083380.KS,2010-01-04,2020-04-29,2548,711,0,0,1006,711,6,0,11
083390.KS,2010-01-04,2017-06-13,1842,906,0,0,394,906,32,0,6
083420.KS,2010-01-04,2026-09-23,4118,14,0,0,4,14,32,0,11
083570.KS,2010-01-04,2017-06-14,1843,879,0,0,419,879,9,0,6
083580.KS,2010-01-04,2017-06-14,1843,892,0,0,441,892,10,0,6
083590.KS,2010-01-04,2017-06-14,1843,868,0,0,491,868,7,0,6
083600.KS,2010-01-04,2017-06-14,1843,875,0,0,496,875,17,0,6
083610.KS,2010-01-04,2017-06-19,1846,1043,0,0,447,1042,6,0,6
083620.KS,2010-01-04,2017-07-28,1875,1090,0,0,445,1089,3,0,6
084010.KS,2010-01-04,2026-09-23,4118,0,0,0,0,0,40,0,11
084160.KS,2010-01-04,2010-10-14,196,87,0,0,48,87,5,0,4
084240.KS,2010-01-04,2010-07-12,131,92,0,0,25,92,0,0,4
084670.KS,2010-01-04,2026-09-23,4118,5,0,0,12,5,31,1,11
084680.KS,2010-01-04,2026-09-23,4118,12,0,0,7,12,117,0,11
084690.KS,2010-01-04,2026-09-23,4118,0,0,0,0,0,32,0,11
084695.KS,2010-01-04,2026-09-23,4118,54,0,0,106,54,88,1,11
084870.KS,2010-01-04,2026-09-23,4118,0,0,0,0,0,53,0,11
085310.KS,2010-01-04,2026-09-23,4118,21,0,0,1,21,63,1,11
085620.KS,2015-07-08,2026-09-23,2752,0,0,0,1,0,27,1,11
086280.KS,2010-01-04,2026-09-23,4118,0,0,0,1,0,13,0,11
086720.KS,2010-01-04,2010-12-28,249,6,0,0,21,6,1,0,4
086790.KS,2010-01-04,2026-09-23,4118,0,0,0,0,0,7,0,11
088010.KS,2010-01-04,2010-12-27,248,248,0,0,0,248,0,0,4
088260.KS,2018-06-27,2026-09-23,2024,0,0,0,0,0,0,0,8
088350.KS,2010-03-17,2026-09-23,4068,0,0,0,0,0,19,0,11
088790.KS,2010-01-04,2026-09-23,4118,15,0,0,2,15,31,0,11
088980.KS,2010-01-04,2026-09-23,4118,0,0,0,0,0,0,0,11
089470.KS,2010-01-04,2026-09-23,4118,0,0,0,0,0,26,0,11
089590.KS,2015-11-06,2026-09-23,2669,10,0,0,0,10,14,1,11
089860.KS,2021-08-19,2026-09-23,1247,0,0,0,0,0,2,0,8
090080.KS,2010-01-04,2026-09-23,4118,0,0,0,1,0,102,0,11
090350.KS,2010-01-04,2026-09-23,4118,0,0,0,1,0,30,0,11
090355.KS,2010-01-04,2026-09-23,4118,31,0,0,86,30,119,0,11
090370.KS,2010-01-04,2026-09-23,4118,30,0,0,4,30,87,1,11
090430.KS,2010-01-04,2026-09-23,4118,10,0,0,0,10,19,0,11
090435.KS,2010-01-04,2026-09-23,4118,15,0,0,15,14,17,0,11
090460.KS,2023-06-20,2026-09-23,796,0,0,0,0,0,23,0,8
090540.KS,2010-01-04,2015-01-15,1249,285,0,0,310,285,2,0,6
090970.KS,2010-01-04,2017-04-24,1811,905,0,0,350,899,73,7,6
090980.KS,2010-01-04,2017-04-24,1811,1012,0,0,319,1009,73,8,6
090990.KS,2010-01-04,2017-04-24,1811,890,0,0,340,886,76,9,6
091000.KS,2010-01-04,2017-04-24,1811,896,0,0,349,893,72,9,6
091090.KS,2010-01-04,2025-10-24,3893,612,0,0,1,612,75,4,11
091810.KS,2018-08-01,2026-09-23,1999,30,0,0,0,30,25,0,8
092200.KS,2010-01-04,2026-09-23,4118,0,0,0,0,0,70,1,11
092220.KS,2010-01-04,2026-09-23,4118,26,0,0,3,26,110,1,11
092230.KS,2010-01-04,2026-09-23,4118,10,0,0,26,10,8,1,11
092440.KS,2010-01-04,2026-09-23,4118,0,0,0,0,0,5,0,11
092630.KS,2010-01-04,2016-06-10,1594,787,0,0,215,787,68,0,6
092780.KS,2017-12-08,2026-09-23,2156,0,0,0,0,0,24,0,8
092790.KS,2023-08-21,2026-09-23,753,0,0,0,0,0,33,0,8
093050.KS,2010-01-04,2026-09-23,4118,0,0,0,0,0,7,0,11
093230.KS,2010-01-04,2025-09-10,3866,594,0,0,1,594,182,7,11
093240.KS,2010-01-04,2026-09-23,4118,4,0,0,1,4,124,1,11
093370.KS,2010-01-04,2026-09-23,4118,0,0,0,0,0,64,0,11
093400.KS,2010-01-04,2013-04-09,815,170,0,0,150,169,131,5,6
093410.KS,2010-01-04,2013-04-09,815,148,0,0,110,147,114,4,6
093820.KS,2010-01-04,2012-01-31,519,13,0,0,49,13,13,0,6
094280.KS,2010-01-04,2026-09-23,4118,0,0,0,1,0,47,0,11
094520.KS,2010-01-04,2011-11-23,473,2,0,0,8,2,0,0,6
094800.KS,2010-01-04,2026-09-23,4118,0,0,0,0,0,5,0,11
094950.KS,2010-01-04,2011-01-04,253,67,0,0,94,67,4,0,4
095570.KS,2015-08-21,2026-09-23,2721,13,0,0,0,13,9,1,11
095720.KS,2010-01-04,2026-09-23,4118,26,0,0,2,26,25,0,11
096300.KS,2010-01-04,2023-02-01,3229,101,0,0,200,101,38,2,11
096760.KS,2010-01-04,2026-09-23,4118,2,0,0,0,2,42,0,11
096770.KS,2010-01-04,2026-09-23,4118,0,0,0,0,0,34,0,11
096775.KS,2010-01-04,2026-09-23,4118,0,0,0,0,0,18,0,11
097230.KS,2010-01-04,2026-09-23,4118,60,0,0,0,60,75,1,11
097520.KS,2021-07-06,2026-09-23,1278,0,0,0,0,0,3,0,8
097950.KS,2010-01-04,2026-09-23,4118,0,0,0,0,0,4,1,11
097955.KS,2010-01-04,2026-09-23,4118,0,0,0,0,0,3,0,11
098150.KS,2010-01-04,2012-04-20,575,3,0,0,5,3,4,0,6
099210.KS,2010-01-04,2013-04-09,815,99,0,0,85,99,128,3,6
099340.KS,2010-01-04,2020-06-30,2589,259,0,0,349,259,49,3,11
099350.KS,2010-01-04,2020-06-30,2589,376,0,0,369,376,92,3,11
100090.KS,2023-04-19,2026-09-23,836,0,0,0,0,0,26,0,8
100220.KS,2010-01-04,2026-09-23,4118,0,0,0,0,0,48,0,11
100250.KS,2010-01-04,2026-09-23,4118,0,0,0,0,0,15,0,11
100840.KS,2010-01-04,2026-09-23,4118,0,0,0,1,0,45,0,11
101060.KS,2010-01-04,2022-01-17,2973,18,0,0,0,18,19,0,11
101140.KS,2010-01-04,2026-09-23,4118,722,0,0,8,722,197,3,11
101380.KS,2010-01-04,2010-12-02,231,204,0,0,18,204,0,0,4
101530.KS,2016-05-11,2026-09-23,2546,5,0,0,0,5,23,0,11
101790.KS,2010-01-04,2012-04-16,571,524,0,0,20,524,5,0,6
101990.KS,2010-01-04,2014-05-20,1088,14,0,0,4,14,37,0,6
102000.KS,2010-01-04,2010-12-02,231,214,0,0,14,214,0,0,4
102260.KS,2010-01-04,2026-09-23,4118,13,0,0,3,13,27,0,11
102280.KS,2010-01-04,2025-11-27,3917,587,0,0,2,587,131,4,11
102460.KS,2010-06-10,2026-09-23,4010,0,0,0,0,0,63,0,11
103130.KS,2010-06-30,2020-05-29,2445,298,0,0,3,298,72,7,11
103140.KS,2010-01-04,2026-09-23,4118,0,0,0,0,0,21,0,11
103150.KS,2010-01-04,2011-09-23,431,17,0,0,0,17,0,0,6
103155.KS,2010-01-04,2011-09-23,431,54,0,0,63,54,8,0,6
103590.KS,2010-01-04,2026-09-23,4118,0,0,0,0,0,71,0,11
104110.KS,2010-01-04,2016-12-29,1733,13,0,0,2,13,51,0,6
104120.KS,2010-01-04,2016-12-29,1733,12,0,0,3,12,65,0,6
104700.KS,2010-01-04,2026-09-23,4118,3,0,0,0,3,9,0,11
105380.KS,2010-09-09,2011-06-23,195,27,0,0,4,26,28,1,6
105560.KS,2010-01-04,2026-09-23,4118,0,0,0,0,0,6,0,11
105630.KS,2010-01-04,2026-09-23,4118,0,0,0,0,0,22,0,11
105840.KS,2010-07-26,2026-09-23,3978,0,0,0,0,0,73,0,11
107590.KS,2010-01-04,2026-09-23,4118,19,0,0,20,19,21,0,11
108070.KS,2010-01-04,2010-04-13,70,16,0,0,0,16,0,0,4
108320.KS,2022-11-03,2026-09-23,951,0,0,0,0,0,9,0,8
108670.KS,2010-01-04,2026-09-23,4118,0,0,0,0,0,12,0,11
108675.KS,2010-01-04,2026-09-23,4118,5,0,0,27,5,8,0,11
108890.KS,2010-01-04,2012-05-23,597,453,0,0,96,453,4,0,6
109070.KS,2010-01-04,2026-09-23,4118,1519,0,0,23,1519,133,5,11
110570.KS,2011-10-14,2017-04-14,1361,76,0,0,9,76,87,7,6
111110.KS,2017-02-02,2026-09-23,2364,0,0,0,0,0,3,0,11
111380.KS,2023-11-21,2026-09-23,692,0,0,0,0,0,6,0,8
111770.KS,2010-01-04,2026-09-23,4118,0,0,0,0,0,18,0,11
112610.KS,2014-11-27,2026-09-23,2902,0,0,0,0,0,35,0,11
114090.KS,2010-01-04,2026-09-23,4118,0,0,0,0,0,14,0,11
114130.KS,2010-01-04,2012-02-29,540,481,0,0,45,481,2,0,6
114140.KS,2010-01-04,2012-02-29,540,482,0,0,41,482,2,0,6
114410.KS,2010-01-04,2010-07-15,134,13,0,0,0,13,0,0,4
115390.KS,2010-01-28,2024-12-06,3664,27,0,0,1,27,18,0,11
117580.KS,2010-12-24,2026-09-23,3872,0,0,0,3,0,62,0,11
117930.KS,2010-01-04,2017-03-06,1776,19,0,0,0,19,58,7,6
118000.KS,2010-01-04,2026-09-23,4118,34,0,0,11,34,216,1,11
119250.KS,2010-05-03,2014-10-28,1112,92,0,0,6,92,94,1,6
119650.KS,2010-01-29,2026-09-23,4099,372,0,0,2,372,74,2,11
120030.KS,2010-02-19,2026-09-23,4085,3,0,0,17,3,98,0,11
120110.KS,2010-02-01,2026-09-23,4098,0,0,0,2,0,34,0,11
120115.KS,2010-02-01,2026-09-23,4098,0,0,0,4,0,16,0,11
121550.KS,2010-01-29,2015-10-15,1415,181,0,0,206,181,5,0,6
121910.KS,2010-03-03,2012-10-12,654,4,0,0,7,4,4,0,6
122290.KS,2010-03-25,2012-11-06,655,7,0,0,35,7,0,0,6
122750.KS,2010-05-11,2012-12-20,654,39,0,0,117,39,0,0,6
122900.KS,2010-07-30,2026-09-23,3974,0,0,0,2,0,26,0,11
123690.KS,2010-06-01,2026-09-23,4016,1,0,0,4,1,114,0,11
123700.KS,2010-05-31,2026-09-23,4017,0,0,0,0,0,16,0,11
123890.KS,2016-07-13,2026-09-23,2502,0,0,0,0,0,3,0,11
126560.KS,2010-12-23,2026-09-23,3873,0,0,0,0,0,22,0,11
126720.KS,2022-08-01,2026-09-23,1014,0,0,0,0,0,5,0,8
128820.KS,2010-07-30,2026-09-23,3974,34,0,0,5,34,83,0,11
128940.KS,2010-07-30,2026-09-23,3974,0,0,0,1,0,38,1,11
129260.KS,2011-12-16,2026-09-23,3629,12,0,0,0,12,26,0,11
130660.KS,2010-12-16,2026-09-23,3878,14,0,0,0,14,80,0,11
133820.KS,2014-07-22,2026-09-23,2988,0,0,0,0,0,52,0,11
134000.KS,2010-11-10,2012-02-29,326,266,0,0,35,266,7,0,6
134380.KS,2011-02-15,2026-09-23,3839,27,0,0,40,27,21,0,11
134790.KS,2011-01-25,2026-09-23,3851,19,0,0,8,19,80,0,11
136490.KS,2011-02-16,2026-09-23,3838,0,0,0,0,0,27,0,11
137310.KS,2021-07-16,2026-09-23,1270,0,0,0,0,0,18,0,8
138040.KS,2011-05-13,2026-09-23,3779,0,0,0,2,0,11,0,11
138250.KS,2015-03-27,2022-03-21,1717,27,0,0,0,27,11,0,11
138440.KS,2011-03-10,2015-09-15,1120,201,0,0,9,201,67,5,6
138490.KS,2011-06-15,2026-04-15,3648,13,0,0,0,13,36,0,11
138930.KS,2011-03-30,2026-09-23,3809,0,0,0,0,0,3,0,11
139130.KS,2011-06-07,2026-09-23,3763,0,0,0,0,0,5,0,11
139200.KS,2011-04-15,2017-01-10,1419,272,0,0,288,272,3,0,6
139480.KS,2011-06-10,2026-09-23,3760,0,0,0,0,0,7,0,11
139990.KS,2021-08-20,2026-09-23,1246,0,0,0,0,0,5,0,8
140890.KS,2011-09-30,2019-05-03,1868,514,0,0,427,514,11,0,11
140910.KS,2011-07-14,2026-06-09,3662,619,0,0,19,619,34,1,11
143210.KS,2016-12-02,2026-09-23,2405,126,0,0,0,126,13,0,11
144620.KS,2012-04-05,2021-11-04,2358,74,0,0,0,74,34,0,11
145210.KS,2015-03-19,2026-09-23,2828,687,0,0,1,686,113,5,11
145270.KS,2012-01-31,2026-09-23,3600,12,0,0,9,12,30,1,11
145720.KS,2017-03-15,2026-09-23,2336,0,0,0,0,0,20,0,11
145990.KS,2011-12-05,2026-09-23,3638,0,0,0,1,0,26,0,11
145995.KS,2011-12-05,2026-09-23,3638,62,0,0,123,61,30,0,11
149130.KS,2012-06-12,2015-02-27,669,226,0,0,101,225,44,5,6
152330.KS,2015-12-29,2020-12-17,1221,15,0,0,0,15,4,0,11
152550.KS,2012-03-08,2026-04-30,3476,7,0,0,46,7,89,9,11
153360.KS,2012-05-04,2022-04-08,2444,150,0,0,219,150,12,1,11
155660.KS,2013-05-15,2026-09-23,3279,0,0,0,0,0,50,0,11
155900.KS,2012-06-29,2023-11-23,2808,136,0,0,240,136,3,0,11
159650.KS,2012-09-17,2020-04-24,1869,213,0,0,235,213,30,0,11
161000.KS,2012-09-17,2026-09-23,3442,15,0,0,0,15,45,1,11
161390.KS,2012-10-04,2026-09-23,3431,0,0,0,0,0,9,0,11
161890.KS,2012-10-19,2026-09-23,3420,0,0,0,0,0,21,0,11
163560.KS,2012-10-19,2026-09-23,3420,0,0,0,0,0,29,0,11
168490.KS,2013-04-19,2025-03-31,2933,2,0,0,16,2,23,1,11
170900.KS,2013-04-08,2026-09-23,3305,1,0,0,0,1,10,0,11
172580.KS,2013-07-12,2021-12-30,2083,74,0,0,110,74,4,1,11
175330.KS,2013-07-18,2026-09-23,3235,0,0,0,0,0,3,0,11
178920.KS,2021-08-09,2026-09-23,1254,0,0,0,0,0,21,0,8
180640.KS,2013-09-16,2026-09-23,3194,0,0,0,0,0,54,2,11
18064K.KS,2013-09-16,2026-09-23,3194,4,0,0,32,4,80,0,11
181710.KS,2013-08-29,2026-09-23,3206,0,0,0,0,0,30,0,11
183190.KS,2013-11-06,2026-09-23,3162,3,0,0,0,3,15,0,11
185750.KS,2013-12-06,2026-09-23,3140,0,0,0,0,0,26,0,11
192080.KS,2019-03-12,2026-09-23,1853,0,0,0,0,0,5,0,8
192400.KS,2014-08-06,2026-09-23,2977,31,0,0,0,31,9,0,11
192520.KS,2014-05-22,2015-06-22,266,15,0,0,0,15,0,0,6
192530.KS,2014-05-22,2018-10-25,1086,14,0,0,0,14,0,0,11
192650.KS,2019-03-14,2026-09-23,1851,0,0,0,0,0,33,0,8
192820.KS,2014-04-07,2026-09-23,3059,0,0,0,0,0,35,0,11
194370.KS,2016-02-04,2026-09-23,2608,0,0,0,0,0,21,0,11
195870.KS,2016-06-24,2026-09-23,2515,0,0,0,0,0,44,0,11
200880.KS,2014-08-08,2026-09-23,2975,0,0,0,0,0,38,0,11
204210.KS,2016-09-22,2026-06-11,2383,317,0,0,2,317,19,3,11
204320.KS,2014-10-06,2026-09-23,2939,3,0,0,0,3,28,0,11
207940.KS,2016-11-10,2026-09-23,2421,35,0,0,0,35,8,0,11
210540.KS,2015-01-15,2026-09-23,2870,0,0,0,0,0,18,0,11
210980.KS,2015-06-23,2026-09-23,2763,21,0,0,0,21,28,3,11
213500.KS,2015-01-26,2026-09-23,2863,0,0,0,0,0,4,0,11
214320.KS,2015-07-17,2026-09-23,2745,0,0,0,0,0,2,0,11
214330.KS,2015-11-11,2026-09-23,2666,38,0,0,2,38,53,0,11
214390.KS,2015-06-29,2026-09-23,2759,184,0,0,0,184,29,0,11
214420.KS,2015-07-10,2026-09-23,2750,0,0,0,0,0,53,0,11
217590.KS,2025-12-15,2026-09-23,190,0,0,0,0,0,33,0,6
226320.KS,2015-12-28,2026-09-23,2634,0,0,0,0,0,32,0,11
227840.KS,2015-10-23,2026-09-23,2679,0,0,0,0,0,20,1,11
229640.KS,2016-09-22,2026-09-23,2455,0,0,0,0,0,52,1,11
234080.KS,2016-10-27,2026-09-23,2431,4,0,0,0,4,10,0,11
241560.KS,2016-11-18,2026-09-23,2415,0,0,0,0,0,18,0,11
241590.KS,2016-10-04,2026-09-23,2448,0,0,0,0,0,22,0,11
244920.KS,2020-11-20,2026-09-23,1432,0,0,0,1,0,13,0,8
248070.KS,2021-02-02,2026-09-23,1383,0,0,0,0,0,8,0,8
248170.KS,2016-08-09,2026-09-23,2483,0,0,0,0,0,24,0,11
249420.KS,2016-08-31,2026-09-23,2468,0,0,0,0,0,61,3,11
251270.KS,2017-05-12,2026-09-23,2298,0,0,0,0,0,17,0,11
259960.KS,2021-08-10,2026-09-23,1253,0,0,0,0,0,9,0,8
264900.KS,2017-04-11,2026-09-23,2317,0,0,0,0,0,14,0,11
26490K.KS,2017-04-11,2026-09-23,2317,0,0,0,1,0,44,0,11
267250.KS,2017-05-10,2026-09-23,2300,3,0,0,0,3,13,0,11
267260.KS,2017-05-10,2026-09-23,2300,0,0,0,0,0,48,0,11
267270.KS,2017-05-10,2026-09-23,2300,0,0,0,0,0,40,0,11
267290.KS,2017-05-12,2026-09-23,2298,0,0,0,0,0,7,0,11
267850.KS,2018-11-23,2026-09-23,1923,36,0,0,0,36,45,1,8
268280.KS,2017-05-22,2026-09-23,2292,0,0,0,0,0,6,0,11
271560.KS,2017-07-07,2026-09-23,2259,0,0,0,0,0,2,0,11
271940.KS,2021-09-01,2026-09-23,1238,0,0,0,0,0,8,0,8
271980.KS,2017-07-17,2026-09-23,2253,0,0,0,0,0,43,0,11
272210.KS,2019-11-13,2026-09-23,1685,0,0,0,0,0,35,0,8
272450.KS,2017-12-08,2026-09-23,2156,0,0,0,0,0,14,1,8
272550.KS,2017-11-29,2026-09-23,2163,0,0,0,0,0,4,0,8
278470.KS,2024-02-27,2026-09-23,627,9,0,0,0,9,12,0,8
279570.KS,2026-03-05,2026-09-23,139,0,0,0,0,0,3,0,4
280360.KS,2017-10-30,2026-09-23,2185,0,0,0,0,0,6,0,8
281820.KS,2017-12-05,2026-09-23,2159,0,0,0,0,0,46,0,8
282330.KS,2017-12-08,2026-09-23,2156,0,0,0,0,0,10,0,8
282690.KS,2017-11-29,2024-10-07,1684,18,0,0,0,18,0,0,7
284740.KS,2018-01-11,2026-09-23,2135,3,0,0,0,3,5,0,8
285130.KS,2018-01-05,2026-09-23,2139,0,0,0,0,0,33,0,8
28513K.KS,2018-01-05,2026-09-23,2139,1,0,0,1,1,41,0,8
286940.KS,2018-07-27,2026-09-23,2002,0,0,0,0,0,17,0,8
293480.KS,2018-10-02,2026-09-23,1959,0,0,0,0,0,7,0,8
293940.KS,2018-08-08,2026-09-23,1994,0,0,0,0,0,0,0,8
294870.KS,2018-06-12,2026-09-23,2034,0,0,0,0,0,13,0,8
298000.KS,2018-07-13,2026-09-23,2012,312,0,0,0,312,44,2,8
298020.KS,2018-07-13,2026-09-23,2012,0,0,0,0,0,18,0,8
298040.KS,2018-07-13,2026-09-23,2012,0,0,0,0,0,50,0,8
298050.KS,2018-07-13,2026-09-23,2012,0,0,0,0,0,11,0,8
298690.KS,2018-12-27,2026-09-23,1900,49,0,0,0,49,29,1,8
300720.KS,2018-08-06,2026-09-23,1996,3,0,0,0,3,8,0,8
302440.KS,2021-03-18,2026-09-23,1354,0,0,0,0,0,16,0,8
306200.KS,2018-10-05,2026-09-23,1957,0,0,0,0,0,17,0,8
307950.KS,2019-03-28,2026-09-23,1841,0,0,0,0,0,37,0,8
308170.KS,2019-11-25,2026-09-23,1677,0,0,0,2,0,42,0,8
316140.KS,2019-02-13,2026-09-23,1871,0,0,0,0,0,4,0,8
317400.KS,2019-11-06,2026-09-23,1690,0,0,0,0,0,15,0,8
317450.KS,2025-10-01,2026-09-23,238,0,0,0,0,0,2,0,8
322000.KS,2019-11-19,2026-09-23,1681,0,0,0,0,0,70,0,8
323410.KS,2021-08-06,2026-09-23,1255,0,0,0,0,0,12,0,8
326030.KS,2020-07-02,2026-09-23,1528,0,0,0,1,0,10,0,8
329180.KS,2021-09-17,2026-09-23,1226,0,0,0,0,0,11,0,8
330590.KS,2019-10-30,2026-09-23,1695,0,0,0,0,0,0,0,8
334890.KS,2020-07-16,2026-09-23,1518,0,0,0,0,0,1,0,8
336260.KS,2019-10-18,2026-09-23,1703,1,0,0,0,1,67,1,8
33626K.KS,2019-10-18,2026-09-23,1703,0,0,0,0,0,41,0,8
33626L.KS,2019-10-18,2026-09-23,1703,1,0,0,2,1,54,0,8
336370.KS,2019-10-18,2026-09-23,1703,0,0,0,4,0,53,0,8
33637K.KS,2019-10-18,2026-09-23,1703,0,0,0,3,0,45,0,8
33637L.KS,2019-10-18,2026-09-23,1703,2,0,0,6,2,64,0,8
338100.KS,2019-12-05,2026-09-23,1669,0,0,0,1,0,1,0,8
339770.KS,2020-11-12,2026-09-23,1438,0,0,0,0,0,3,0,8
344820.KS,2020-01-21,2026-09-23,1639,0,0,0,0,0,11,0,8
348950.KS,2020-08-07,2026-09-23,1502,101,0,0,0,101,4,0,8
350520.KS,2020-08-05,2026-09-23,1504,0,0,0,0,0,0,0,8
352820.KS,2020-10-15,2026-09-23,1458,0,0,0,0,0,11,0,8
353200.KS,2020-05-21,2026-09-23,1558,0,0,0,0,0,39,0,8
35320K.KS,2020-05-21,2026-09-23,1558,0,0,0,0,0,32,0,8
357120.KS,2020-08-31,2026-09-23,1487,0,0,0,0,0,0,0,8
357250.KS,2020-08-05,2026-09-23,1504,0,0,0,0,0,0,0,8
357430.KS,2022-05-31,2026-09-23,1056,0,0,0,0,0,6,0,8
361610.KS,2021-05-11,2026-09-23,1317,0,0,0,0,0,19,0,8
363280.KS,2020-09-22,2026-09-23,1471,1,0,0,0,1,11,0,8
36328K.KS,2020-09-22,2026-09-23,1471,1,0,0,5,1,46,1,8
365550.KS,2020-12-23,2026-09-23,1409,0,0,0,0,0,0,0,8
372910.KS,2021-08-17,2026-09-23,1249,0,0,0,0,0,24,0,8
373220.KS,2022-01-27,2026-09-23,1138,0,0,0,0,0,12,0,8
375500.KS,2021-01-25,2026-09-23,1389,0,0,0,0,0,11,0,8
37550K.KS,2021-01-25,2026-09-23,1389,0,0,0,0,0,6,0,8
37550L.KS,2022-04-28,2026-09-23,1078,0,0,0,0,0,8,0,8
377190.KS,2021-08-27,2026-09-23,1241,0,0,0,0,0,0,0,8
377300.KS,2021-11-03,2026-09-23,1198,2,0,0,0,2,35,0,8
377740.KS,2022-12-22,2026-09-23,916,0,0,0,0,0,1,0,8
378850.KS,2021-03-15,2026-09-23,1357,0,0,0,0,0,16,0,8
380440.KS,2021-05-21,2023-12-28,645,20,0,0,0,20,0,0,7
381970.KS,2021-10-13,2026-09-23,1213,0,0,0,0,0,16,0,8
383220.KS,2021-05-21,2026-09-23,1310,3,0,0,0,3,10,0,8
383800.KS,2021-05-27,2026-09-23,1306,0,0,0,0,0,1,0,8
38380K.KS,2021-05-27,2026-09-23,1306,0,0,0,0,0,5,0,8
395400.KS,2021-09-14,2026-09-23,1229,0,0,0,0,0,2,0,8
396690.KS,2021-12-03,2026-09-23,1176,0,0,0,0,0,0,0,8
400760.KS,2021-11-18,2026-09-23,1187,0,0,0,0,0,0,0,8
402340.KS,2021-11-29,2026-09-23,1180,0,0,0,0,0,31,0,8
403550.KS,2022-08-22,2026-09-23,1000,0,0,0,0,0,16,0,8
404990.KS,2021-12-10,2026-09-23,1171,0,0,0,0,0,2,0,8
415640.KS,2024-11-29,2026-09-23,442,0,0,0,0,0,0,0,8
417310.KS,2022-03-28,2026-09-23,1101,0,0,0,0,0,0,0,8
432320.KS,2022-10-06,2026-09-23,970,0,0,0,0,0,3,0,8
439260.KS,2025-08-01,2026-09-23,280,0,0,0,0,0,5,0,8
443060.KS,2024-05-08,2026-09-23,580,0,0,0,0,0,12,0,8
446070.KS,2022-11-28,2026-09-23,934,0,0,0,0,0,14,0,8
448730.KS,2023-04-10,2026-09-23,843,0,0,0,0,0,1,0,8
450080.KS,2023-11-17,2026-09-23,694,0,0,0,0,0,37,0,8
450140.KS,2023-01-31,2026-01-06,715,16,0,0,0,16,47,4,8
45014K.KS,2023-01-31,2026-01-06,715,17,0,0,6,17,62,2,8
451800.KS,2023-03-27,2026-09-23,853,0,0,0,0,0,4,0,8
452260.KS,2023-03-31,2026-09-23,849,0,0,0,0,0,16,0,8
45226K.KS,2023-03-31,2026-09-23,849,2,0,0,8,2,42,2,8
453340.KS,2023-04-10,2026-09-23,843,0,0,0,0,0,0,0,8
454910.KS,2023-10-05,2026-09-23,724,0,0,0,0,0,28,0,8
456040.KS,2023-05-30,2026-09-23,810,0,0,0,0,0,13,0,8
457190.KS,2023-05-31,2026-09-23,809,8,0,0,1,8,50,0,8
460850.KS,2023-06-16,2026-09-23,798,0,0,0,0,0,6,0,8
460860.KS,2023-06-16,2026-09-23,798,0,0,0,0,0,10,0,8
462520.KS,2023-07-28,2026-09-23,768,0,0,0,0,0,13,0,8
462870.KS,2024-07-11,2026-09-23,536,0,0,0,0,0,6,0,8
465770.KS,2023-09-15,2026-09-23,734,2,0,0,1,2,55,1,8
475150.KS,2024-03-29,2026-09-23,605,0,0,0,0,0,50,1,8
475560.KS,2024-11-06,2026-09-23,459,0,0,0,0,0,6,0,8
480370.KS,2025-03-17,2026-09-23,374,0,0,0,0,0,9,0,8
481850.KS,2024-07-01,2026-09-23,544,1,0,0,0,1,0,0,8
483650.KS,2025-05-22,2026-09-23,329,0,0,0,0,0,9,0,8
484870.KS,2024-12-16,2026-09-23,431,0,0,0,0,0,25,0,8
487570.KS,2024-07-29,2026-09-23,524,0,0,0,0,0,12,0,8
489790.KS,2024-09-27,2026-09-23,484,0,0,0,0,0,30,0,8
499790.KS,2024-12-23,2026-09-23,426,0,0,0,0,0,12,0,8
900030.KS,2010-01-04,2012-09-13,675,98,0,0,7,98,56,4,6
900050.KS,2010-01-04,2017-09-26,1916,198,0,0,9,198,93,5,6
900140.KS,2010-11-30,2026-09-23,3890,0,0,0,0,0,31,1,11
950010.KS,2010-01-04,2015-11-04,1448,281,0,0,9,281,82,6,6
950070.KS,2011-01-25,2013-10-02,667,623,0,0,0,623,5,1,6
950100.KS,2012-04-30,2015-01-06,662,32,0,0,26,32,1,0,6
950210.KS,2021-02-05,2026-09-23,1380,0,0,0,0,0,33,1,8
