,days,corr_RV5m_Parkinson,mean_ratio_Parkinson_over_RV5m,mean_RSJ_daily
000100.KS,60.0,0.817136253915175,1.0143092434128438,0.05203704917478233
000270.KS,60.0,0.7554285050219607,1.5094209270940204,-0.057874368344897786
000660.KS,60.0,0.8176131203783094,1.1769130188119377,-0.026039447056073656
000810.KS,60.0,0.6357705875917365,1.0586013913362151,0.01836430414013978
003550.KS,60.0,0.7275246739321803,1.047841021261483,0.07739178020115707
003670.KS,60.0,0.8087147883150849,1.3331323919143958,0.03591071013904799
005380.KS,60.0,0.8256642184203976,1.1647047945157003,-0.013828406707868645
005490.KS,60.0,0.7719685703412376,0.9877920688534529,0.04293958167416603
005930.KS,60.0,0.7865398506915867,1.0708145514577916,-0.004993137548304451
006400.KS,60.0,0.688417469265686,1.0655767518537511,0.03327711667685894
009150.KS,60.0,0.8358515985634298,1.2566566988846275,-0.016485592418253092
009540.KS,60.0,0.7795714198352214,1.3163412019397407,-0.012100797700897154
010130.KS,60.0,0.8409847202079702,1.0152238352794403,0.050656060881542134
010950.KS,60.0,0.4754981368654249,1.2699681401607703,0.057132571828806246
011170.KS,60.0,0.5837510677167419,1.1001330752143181,0.06385024574269339
011200.KS,60.0,0.8246628767720249,0.7934891434885688,0.04833538168387483
012330.KS,60.0,0.7669126491790929,1.1990753789089594,-0.019024003403682647
012450.KS,60.0,0.6640934433256169,1.3732551675377744,-0.010992269589589295
015760.KS,60.0,0.6752908770659439,1.0538040347223079,0.020072645473813388
017670.KS,60.0,0.8147146767480178,1.133692629437054,0.04484802521752831
018260.KS,60.0,0.8143959857574661,0.9417640476424322,0.021015778967321302
021240.KS,60.0,0.5538896954728088,1.1782142376456308,0.010368387667948585
024110.KS,60.0,0.8294044939720273,0.5835687238026249,0.01233341274176577
028260.KS,60.0,0.8029335006303595,1.1562072058872814,0.023312318138649535
030200.KS,60.0,0.5307327352462353,0.7118768730048931,0.0081330637618136
032830.KS,60.0,0.825227881743695,1.1552703309672026,-0.016336895905413384
033780.KS,60.0,0.7626668353853638,1.1795639847154533,0.07854538696851733
034020.KS,60.0,0.8034382359330098,1.2309052554735114,0.05182239248164204
034730.KS,60.0,0.6394326339533083,1.0515670810004272,0.019797904688040813
035420.KS,60.0,0.8010367591164546,1.0023865334917308,0.01889173649320669
035720.KS,60.0,0.9095249464693739,1.175973948233134,0.023726662280594966
042660.KS,60.0,0.8043336859542064,1.3099804401568953,0.003699932486427183
047050.KS,60.0,0.7484621660446459,0.9726718597782619,0.041238825889824936
051900.KS,60.0,0.8166351712189069,0.9762880154890513,0.04981707810835559
051910.KS,60.0,0.6760861830126799,1.1496261390105955,0.029544031896601052
055550.KS,60.0,0.7215617605613649,1.1417717891392571,0.021302392623476205
066570.KS,60.0,0.7017722115256015,1.176857332556665,0.024217358266697773
068270.KS,60.0,0.7872318937239767,1.038018761366419,0.05901075968610702
069500.KS,60.0,0.5572444654470728,1.1028624771973674,0.00135592417147004
086790.KS,60.0,0.8442301758119112,1.134118902963625,0.03468734284392112
090430.KS,60.0,0.8484284414184096,1.1135174141016722,0.046860748441044146
096770.KS,60.0,0.5548795800143956,1.330756769586028,0.08407324880268609
105560.KS,60.0,0.7524965167273979,1.2093330835231744,0.0021922889857093814
138040.KS,60.0,0.6242152928547652,1.178732550426628,0.028397212355825086
161390.KS,60.0,0.6419686760529646,1.2019180205674884,0.017836161785782352
207940.KS,60.0,0.7256721351007551,1.1872229561783072,0.050660395724425024
259960.KS,60.0,0.7061893887731757,0.9460817113015527,-0.01603837702530604
267250.KS,60.0,0.6814313883279434,1.1158851961386351,0.03227538828511635
316140.KS,60.0,0.6175449562295529,1.0979961135347596,0.036107198108040604
329180.KS,60.0,0.6676825424336539,1.1883772983700118,-0.00012224594619488863
373220.KS,60.0,0.5812927140153066,1.2397207671238013,0.02119716240665184
AAPL,60.0,0.5522155759911171,1.3582229089503224,0.04052985795327133
ABBV,60.0,0.6831624825814729,1.0394150691359936,0.02659334958757142
ABT,60.0,0.8209592160995153,1.2211190445252373,-0.0362502068998439
ACN,60.0,0.5741822115361382,1.5290659974047183,0.010880492066871618
ADBE,60.0,0.4027358908421985,1.5710725047247307,0.017262889765046203
AMD,60.0,0.825006474497188,1.1341276382070362,0.03275969469049237
AMGN,60.0,0.8614393378429649,1.2863495719408993,0.0451410480742445
AMZN,60.0,0.695967404651311,1.0971010625489668,-0.02848150592657207
AVGO,60.0,0.6955298884736816,1.1160185673490974,-0.05184805531242388
BAC,60.0,0.8879753879301311,1.1824894268973314,0.00101276543854149
BRK-B,60.0,0.7768538927294936,1.1575223546065645,0.03653099871391464
CAT,60.0,0.7931294756210863,1.219048569224948,-0.05546001299389348
COST,60.0,0.6678198810351638,1.1062133714826057,-0.032028510287794375
CRM,60.0,0.7289275018290325,1.406162027970726,0.05980489819977595
CSCO,60.0,0.42994244098396334,1.5065102590473813,-0.03672691658430733
CVX,60.0,0.43874202783474386,1.1337700525297327,0.015089040817778444
DIS,60.0,0.5382895201113764,1.3676935800940733,-0.027408786119372
GE,60.0,0.6596163853892149,1.2500539593459672,-0.018437463830389744
GOOGL,60.0,0.9017590446198253,1.2801820638182122,-0.04858734495690283
GS,60.0,0.8217584269292902,1.116092023961744,-0.059133999732811575
HD,60.0,0.6032726905764081,1.2755079343107698,-0.027874310771399805
IBM,60.0,0.7327705837607941,1.2850320671646427,0.0028594750728930442
INTU,60.0,0.5838811517882135,1.4776115113945159,-0.004012641532595328
JNJ,60.0,0.664080448986969,1.1613613163182146,-0.017834081787783073
JPM,60.0,0.7427611820472717,1.1270481536999557,-0.001179597049497991
KO,60.0,0.737652782050818,1.1511540138914564,0.009713399911609324
LIN,60.0,0.7188482164870007,1.1238120047736118,-0.04248802449729379
LLY,60.0,0.742843991238824,1.211399940243859,-0.011236795677932425
MA,60.0,0.7417206544133342,1.032632879325633,0.013585737482277458
MCD,60.0,0.9025544988740739,1.2427994288837632,-0.03681038488207431
META,60.0,0.38891307749535164,1.416290339839382,0.014709225639138365
MRK,60.0,0.7174324287427768,1.2050553116591611,0.040708421535938684
MSFT,60.0,0.7212226683521525,1.2416547725029807,0.018395986143809977
NFLX,60.0,0.7591612946178435,1.3597511439468453,0.04732468715833944
NOW,60.0,0.5133712750054271,1.3374916544660571,0.025104175427892877
NVDA,60.0,0.6997142831401648,1.2039567830789246,0.0014792873079442206
ORCL,60.0,0.6527972414184248,1.2517397486176314,-0.05566597358468096
PEP,60.0,0.7242368155088061,0.9791793636562282,-0.0011306950675579398
PG,60.0,0.7845710773586763,1.075506422038809,0.014166863213023921
PM,60.0,0.6920378699974393,1.033577284890064,-0.01617059096431375
QCOM,60.0,0.5748166279014446,1.1258483568230384,-0.006514435524285074
SPY,60.0,0.7478674837703189,1.152605573975444,-0.005969959725147337
TMO,59.0,0.6489892657710943,1.2083998461625323,0.08582523331966208
TSLA,60.0,0.7361670831130045,1.2540347078995595,-0.003488163105377687
TXN,60.0,0.5960413739806917,1.1460332568500853,-0.01882726434883917
UNH,60.0,0.8691613522232504,1.2785039434566972,-0.03572601925445581
V,60.0,0.72891541300687,1.215724173011936,0.01691469874544111
VZ,60.0,0.789671904253161,1.212131352450099,0.031113607984139386
WFC,60.0,0.8259805711353403,1.2432053461841606,-0.05371594957287245
WMT,60.0,0.6980975802828498,1.2605848385737064,-0.009161692133050459
XLB,60.0,0.6070010634521715,1.2524504856760739,-0.011516118595217669
XLC,60.0,0.47154468044620534,1.3914162967493877,-0.04030028431684629
XLE,60.0,0.4145543348720727,1.1739648250510737,-0.0109629154230308
XLF,60.0,0.7542027697175415,1.038158007660052,-0.007464247558370334
XLI,60.0,0.6408270578056329,1.2697721420435975,-0.05047477145631123
XLK,60.0,0.8128360771709362,1.0468285830205948,0.01056019580704483
XLP,60.0,0.7241437976410747,1.0368995163658958,-0.02994537419424892
XLRE,60.0,0.5945608257885925,1.0562676322534028,-0.048709323559679114
XLU,60.0,0.47027061177781265,1.1533317061022506,-0.10419621873792158
XLV,60.0,0.5887376028108259,1.1708333406708353,0.028056051079119414
XLY,60.0,0.5650967876918828,1.0842789810210611,-0.03252868126725612
XOM,60.0,0.4964673332213153,1.055356858751556,0.010134851414451125
^GSPC,60.0,0.7441227572923429,1.1552618973824726,-0.013519647151003797
^KS11,59.0,0.7430689907157806,1.1089235852646415,-0.019695756540251637
^KS200,0.0,,,-0.013427074998896048
