,coef,t_NW,p
const,-0.46573152652992367,-7.809863528641171,5.724994108483439e-15
lRV,0.05810666399076022,2.5291905541863136,0.011432593819575385
lRV_w,0.2694224353114683,6.354255181352677,2.0943891106902264e-10
lRV_m,0.46734485056133157,9.974718048363636,1.9665920258899877e-23
L,0.13572822812196492,4.9950624765812845,5.881672331145845e-07
L_w,0.3422834049186275,6.1586118779199515,7.338533254046536e-10
L_m,-0.2647089195538527,-2.892675723508939,0.003819754425511762
D,0.07926697354865664,1.108275863243301,0.26774269617720237
lRV_xD,0.09548578923145634,2.3840000689974863,0.017125599159647197
L_xD,-0.045131459359883795,-1.4678453251166144,0.1421462424811599
