,,weeks,mean_weekly_bps,t_NW,p,ann_mean_pct,ann_sharpe,hit_rate,avg_weekly_turnover,weeks_range
60m_intraday,LS_EW_gross,151.0,-4.53428168048764,-0.175360581405515,0.8607963120779166,-2.357826473853573,-0.12734902807229748,0.5298013245033113,,2023-10-30/2023-11-05 ~ 2026-09-14/2026-09-20
60m_intraday,LS_EW_net,151.0,-20.686599561282343,-0.8012856457644093,0.42296629886642023,-10.757031771866819,-0.5814385142839482,0.47019867549668876,3.2304635761589404,2023-10-30/2023-11-05 ~ 2026-09-14/2026-09-20
60m_intraday,LONG_EW_net,151.0,34.79959914937938,2.2007674663335597,0.02775248986339719,18.09579155767728,1.2252065504063863,0.5894039735099338,,2023-10-30/2023-11-05 ~ 2026-09-14/2026-09-20
60m_intraday,UNIV_EW,151.0,43.370278187815764,3.1908840566656576,0.0014183818761926642,22.552544657664196,1.8007193625913525,0.6423841059602649,,2023-10-30/2023-11-05 ~ 2026-09-14/2026-09-20
60m_daily,LS_EW_gross,151.0,-2.568760918229308,-0.1504630708924066,0.8803992841691843,-1.33575567747924,-0.07436935904295709,0.4900662251655629,,2023-10-30/2023-11-05 ~ 2026-09-14/2026-09-20
60m_daily,LS_EW_net,151.0,-18.46280065332865,-1.085634246033057,0.2776408422683492,-9.600656339730898,-0.5340823647887991,0.44370860927152317,3.1788079470198674,2023-10-30/2023-11-05 ~ 2026-09-14/2026-09-20
60m_daily,LONG_EW_net,151.0,39.417168282774,2.404981564502946,0.016173281651397572,20.496927507042482,1.2283365624233187,0.5827814569536424,,2023-10-30/2023-11-05 ~ 2026-09-14/2026-09-20
60m_daily,UNIV_EW,151.0,43.370278187815764,3.1908840566656576,0.0014183818761926642,22.552544657664196,1.8007193625913525,0.6423841059602649,,2023-10-30/2023-11-05 ~ 2026-09-14/2026-09-20
5m_intraday,LS_EW_gross,11.0,39.8289524058586,1.1890856254320252,0.2344059742848852,20.711055251046474,0.9582220373998827,0.7272727272727273,,2026-07-06/2026-07-12 ~ 2026-09-14/2026-09-20
5m_intraday,LS_EW_net,11.0,24.64713422404041,0.7327548453859556,0.4637079662786535,12.816509796501013,0.5911592124079089,0.7272727272727273,3.036363636363637,2026-07-06/2026-07-12 ~ 2026-09-14/2026-09-20
5m_intraday,LONG_EW_net,11.0,13.705972732664923,0.24423718743623643,0.8070471275585348,7.127105820985761,0.3806302425757534,0.5454545454545454,,2026-07-06/2026-07-12 ~ 2026-09-14/2026-09-20
5m_intraday,UNIV_EW,11.0,36.45986287887511,0.933894529227336,0.3503583011345831,18.959128697015053,2.1056281413246416,0.5454545454545454,,2026-07-06/2026-07-12 ~ 2026-09-14/2026-09-20
5m_daily,LS_EW_gross,11.0,-14.067210618880903,-0.31553904457601384,0.752352410718679,-7.314949521818069,-0.4209672259148752,0.45454545454545453,,2026-07-06/2026-07-12 ~ 2026-09-14/2026-09-20
5m_daily,LS_EW_net,11.0,-29.430846982517266,-0.6597901168702814,0.5093885264694819,-15.304040430908978,-0.8762872588453218,0.45454545454545453,3.0727272727272723,2026-07-06/2026-07-12 ~ 2026-09-14/2026-09-20
5m_daily,LONG_EW_net,11.0,14.04369258654385,0.28738437845071185,0.7738180211387399,7.302720145002802,0.5806888573994087,0.5454545454545454,,2026-07-06/2026-07-12 ~ 2026-09-14/2026-09-20
5m_daily,UNIV_EW,11.0,36.45986287887511,0.933894529227336,0.3503583011345831,18.959128697015053,2.1056281413246416,0.5454545454545454,,2026-07-06/2026-07-12 ~ 2026-09-14/2026-09-20
