,market,sample,k,h,n,turb_share,beta_calm,t_calm,p_calm,beta_turb,t_turb,p_turb,diff_turb_minus_calm,t_diff,p_diff
0,US,dev,1,1,4023,0.2550335570469799,-0.04847939564893168,-2.7903112207570047,0.005265739799723241,-0.12213603293968313,-4.114810402057188,3.8749779050880424e-05,-0.07365663729075145,-2.160230570069095,0.03075482472703021
1,US,dev,1,5,4021,0.25540910221337976,-0.009586626753441144,-0.879853004336695,0.37893894636218306,-0.033449010110741875,-1.9117058762917942,0.05591393019411415,-0.023862383357300735,-1.1694858204903382,0.24220795084731184
2,US,dev,1,22,4004,0.2564935064935065,-0.002105442914307456,-0.33274432907190393,0.7393272846406349,-0.014898457762133638,-2.330109321549072,0.01980037388549515,-0.012793014847826183,-1.4286953395522337,0.153091817905242
3,US,dev,5,1,4025,0.25515527950310557,-0.06619392997976749,-2.851566447113117,0.004350439258750409,-0.05720091996928229,-1.3007089394065834,0.193358101228979,0.008993010010485199,0.1786321947774116,0.8582265132885001
4,US,dev,5,5,4023,0.2555306984837186,-0.06100784064487483,-2.02241037763337,0.043133973852361514,-0.08660584290281334,-1.88837330400071,0.0589758526348615,-0.025598002257938516,-0.46218232302401163,0.6439505786341397
5,US,dev,5,22,4006,0.25661507738392414,-0.0143338718977262,-0.820995669138598,0.4116487351009481,-0.04896888216581584,-1.8230374669343847,0.06829771646958838,-0.034635010268089635,-1.1225473334086662,0.26162979396976904
6,US,dev,22,1,4025,0.25515527950310557,-0.08234488865644878,-1.6909833028557255,0.09083999169169121,0.018231515336049206,0.22802044161460672,0.819630348979079,0.10057640399249798,1.0784885809386857,0.2808157750211876
7,US,dev,22,5,4023,0.2555306984837186,-0.04595999735677271,-0.7676394776756634,0.44270140177237693,-0.05383571797234365,-0.4551565233569321,0.648996636126348,-0.007875720615570937,-0.0596734344912539,0.9524157302238382
8,US,dev,22,22,4006,0.25661507738392414,-0.10298959902436011,-1.878402136484444,0.060326173479560354,-0.0147410709101619,-0.17696845740441167,0.8595331658351032,0.08824852811419821,0.9235927129284669,0.3556984092662896
9,US,test,1,1,1438,0.23852573018080667,-0.02556961514399303,-0.9697701920320998,0.3321610538949952,0.04355661339680382,1.0512993407362807,0.2931211297868086,0.06912622854079685,1.3997705076668836,0.16158205211888055
10,US,test,1,5,1434,0.2391910739191074,-0.00810086524879482,-0.4478079669016222,0.6542917931855575,-0.06143237713656578,-2.039272281968135,0.04142286039656442,-0.053331511887770966,-1.4857431291764274,0.13734707797618456
11,US,test,1,22,1417,0.24206069160197602,-0.009995452950816195,-1.2543571634851516,0.2097122151023283,-0.007878610603393049,-0.5368570495484221,0.5913663610122781,0.0021168423474231474,0.11850736222338293,0.9056656619938845
12,US,test,5,1,1438,0.23852573018080667,-0.04755157558616826,-1.087656612399776,0.27674672842628645,0.006837112579574291,0.07843523593747805,0.9374818456309094,0.05438868816574255,0.5679785127817384,0.5700495582972853
13,US,test,5,5,1434,0.2391910739191074,-0.04036248576709451,-0.7969593535200277,0.42547463806777897,0.000422079707840424,0.007022175487120836,0.994397160642503,0.04078456547493493,0.5163602803116942,0.6056028017910864
14,US,test,5,22,1417,0.24206069160197602,-0.006781049390921669,-0.26235415583869454,0.7930484133925808,-0.005413293510401178,-0.12012743886629912,0.9043821967047053,0.001367755880520491,0.025273180268834548,0.9798370661413148
15,US,test,22,1,1438,0.23852573018080667,0.08011680856160408,1.1214041541251538,0.26211586870176085,0.027184582799496725,0.21240593931118582,0.8317903525937056,-0.052932225762107356,-0.3525786594462966,0.72440433870315
16,US,test,22,5,1434,0.2391910739191074,0.050791564683971106,0.5353416613782007,0.5924136228074934,0.17947490623316698,1.2948128458606214,0.1953847994807224,0.12868334154919586,0.7322291468600769,0.4640287170099775
17,US,test,22,22,1417,0.24206069160197602,-0.08411462603821149,-1.0230037160108296,0.30630608884130606,-0.045849193676375646,-0.3333649781366935,0.738858796053437,0.03826543236183584,0.2555581158841987,0.7982920632563182
18,KR,dev,1,1,3946,0.12214901165737456,0.00558147641648531,0.3343113204732863,0.738144648898234,-0.04268207282913329,-0.752830479072681,0.4515517887943781,-0.0482635492456186,-0.8140295537164886,0.4156280206104932
19,KR,dev,1,5,3945,0.12243346007604562,0.01980408727799554,1.8112686716501232,0.07009927268409967,-0.027219869266702383,-0.8884216231607337,0.3743139983036917,-0.047023956544697924,-1.4524355356599454,0.14638054150965618
20,KR,dev,1,22,3928,0.12296334012219959,0.006612456564118013,1.058017865884611,0.29004729735470924,-0.02001396489664165,-1.6266928344820688,0.10380235136128707,-0.02662642146075966,-1.9421876886963518,0.05211438294120826
21,KR,dev,5,1,3949,0.12230944542922259,-0.022289773978486943,-0.9242753726659451,0.35534296156189216,0.012382192952924677,0.18897121544060866,0.8501153770506136,0.03467196693141162,0.49367867677175103,0.621533126722694
22,KR,dev,5,5,3948,0.12259371833839919,0.006873523451270659,0.2502552814564105,0.8023899365358098,-0.017643967949739124,-0.25123021889723207,0.8016361223101851,-0.024517491401009783,-0.3292929173227664,0.74193429703952
23,KR,dev,5,22,3931,0.1231238870516408,-0.008691943676686204,-0.5096142231083526,0.6103217574014649,-0.02160558631730096,-0.6352808432175893,0.5252452653557665,-0.012913642640614757,-0.3335415682032103,0.7387255171245792
24,KR,dev,22,1,3949,0.12230944542922259,0.00924378144951897,0.21669180545176253,0.8284485345856728,0.03819236404640003,0.26285681599688326,0.7926609419580052,0.028948582596881062,0.1903337689820521,0.8490475934678571
25,KR,dev,22,5,3948,0.12259371833839919,0.02199614734114186,0.39835078168124705,0.690371632706104,-0.15945686935750158,-1.0230287602825656,0.3062942477870928,-0.18145301669864344,-1.1034706374839425,0.2698228358971305
26,KR,dev,22,22,3931,0.1231238870516408,-0.03773468045609316,-0.7830927168581482,0.4335726677475955,0.029630186915786498,0.3398319666119327,0.7339830731722365,0.06736486737187966,0.6745799726416779,0.4999426605856837
27,KR,test,1,1,1402,0.22325249643366618,0.038481616824520504,1.3448487413746584,0.17867408625942827,-0.017843742182940214,-0.39748123061012763,0.6910126247950633,-0.05632535900746072,-1.0194667786715388,0.3079814171458929
28,KR,test,1,5,1398,0.22103004291845493,0.03380483654464635,1.6051272999064277,0.10846579248220868,-0.06218061292243107,-1.841389742440373,0.06556446490516328,-0.09598544946707742,-2.4344472975455633,0.014914551619421868
29,KR,test,1,22,1381,0.2114409847936278,-0.005782877603993729,-0.6240986931499982,0.5325627721205863,-0.05411181074476272,-4.008457703183909,6.111658209933759e-05,-0.04832893314076899,-3.0839056822660345,0.002043023540084375
30,KR,test,5,1,1402,0.22325249643366618,0.08090981205332852,1.6757085895918014,0.09379528652099578,-0.011916592295305853,-0.11795206116245817,0.9061056422797742,-0.09282640434863437,-0.7888280455175976,0.43021251538273586
31,KR,test,5,5,1398,0.22103004291845493,0.08511963973336016,1.7050750355300957,0.08818043090815185,-0.0702528273796854,-0.6513820699319435,0.5147998819962114,-0.15537246711304556,-1.3047974673839888,0.1919618217613699
32,KR,test,5,22,1381,0.2114409847936278,0.020156989890555685,0.552505203964861,0.5806022700004764,-0.022373499738818095,-0.49911552488901917,0.617698001138661,-0.04253048962937378,-0.7309061874056115,0.46483645642847315
33,KR,test,22,1,1402,0.22325249643366618,0.10920264234673166,1.2647286970262654,0.20596859916318566,0.07269785247854735,0.5632655288558266,0.5732540872920968,-0.036504789868184305,-0.23600346566067487,0.8134299809213654
34,KR,test,22,5,1398,0.22103004291845493,-0.006925140929323582,-0.06057152803649867,0.9517004492105763,0.09133789583935611,0.5165920327482353,0.6054409785631893,0.0982630367686797,0.4704447707425707,0.6380372840402788
35,KR,test,22,22,1381,0.2114409847936278,-0.04553801436291673,-0.43198919209184383,0.6657492683774124,-0.13614217022203176,-0.9926586610486102,0.3208763270301469,-0.09060415585911503,-0.5148504083320348,0.606657557313351
