,market,sample,k,h,n,beta,t,p,future_up_rate,hit_reversal,hit_continuation,p_reversal_vs_50,hit_baseline,reversal_minus_baseline,t_vs_baseline,p_vs_baseline
0,US,dev,1,1,4023,-0.06721101357930709,-4.399156881230378,1.086722485186459e-05,0.5490927168779518,0.5284613472532935,0.4715386527467065,0.0002361326465596507,0.5490927168779518,-0.020631369624658218,-1.765106607510933,0.07754585039631379
1,US,dev,1,5,4021,-0.01519853849783603,-1.6280939624633421,0.10350496355337238,0.574732653568764,0.5001243471773191,0.49987565282268087,0.9869337797468204,0.574732653568764,-0.07460830639144489,-4.174351154750305,2.9883652061443355e-05
2,US,dev,1,22,4004,-0.0052751806537162035,-1.0594456665959253,0.28939686145279186,0.5791708291708292,0.49425574425574426,0.5057442557442557,0.4241158400559162,0.5791708291708292,-0.08491508491508498,-2.7437743454810324,0.006073727293504343
3,US,dev,5,1,4025,-0.06142414402795879,-2.9812957734220666,0.00287031423126182,0.5490683229813664,0.5118012422360249,0.48819875776397514,0.11175378019676363,0.5490683229813664,-0.03726708074534163,-3.2731667340419266,0.0010634972237231718
4,US,dev,5,5,4023,-0.05967382380647456,-2.3344136417203436,0.01957407316116208,0.5746955008699975,0.5060899826000497,0.49391001739995033,0.6296188780074732,0.5746955008699975,-0.06860551826994783,-3.028080743199434,0.002461123189980963
5,US,dev,5,22,4006,-0.021272458838712125,-1.3336357941626145,0.18232324620957896,0.5791313030454318,0.49201198202695956,0.5079880179730405,0.5934743915079002,0.5791313030454318,-0.0871193210184723,-2.349812076018963,0.018782891379383142
6,US,dev,22,1,4025,-0.04799259507931861,-1.159649957119797,0.24619135246844326,0.5490683229813664,0.4998757763975155,0.5001242236024845,0.9879426241056879,0.5490683229813664,-0.04919254658385096,-4.045985486210931,5.210346126154284e-05
7,US,dev,22,5,4023,-0.008709458690535202,-0.16600740365523944,0.868151123745728,0.5746955008699975,0.502361421824509,0.49763857817549095,0.8739327263029862,0.5746955008699975,-0.07233407904548848,-3.0698298264128523,0.002141807694752779
8,US,dev,22,22,4006,-0.06905870648389217,-1.4076908647789161,0.15922262803039255,0.5791313030454318,0.5252121817274089,0.4747878182725911,0.280546501451057,0.5791313030454318,-0.053919121318022976,-1.242152200605141,0.21418041177528857
9,US,test,1,1,1438,-0.007951629209114207,-0.355008871893549,0.7225829447829815,0.5361613351877608,0.5013908205841446,0.49860917941585536,0.9036653410214932,0.5361613351877608,-0.03477051460361612,-1.8168211780166315,0.06924449894800894
10,US,test,1,5,1434,-0.020399275098576985,-1.3165807448290519,0.1879791965814952,0.5906555090655509,0.5188284518828452,0.4811715481171548,0.14347076636786235,0.5906555090655509,-0.07182705718270571,-2.4794375824696058,0.013158975914775802
11,US,test,1,22,1417,-0.009747509423236315,-1.417793502835625,0.15625106161375976,0.5920959774170783,0.5081157374735357,0.49188426252646433,0.5613906030337075,0.5920959774170783,-0.08398023994354271,-1.4640525845360468,0.1431795811984218
12,US,test,5,1,1438,-0.03183353462631234,-0.7919481812535306,0.428390891555233,0.5361613351877608,0.4958275382475661,0.5041724617524339,0.754105635635411,0.5361613351877608,-0.04033379694019469,-1.9276525602156278,0.05389835653213799
13,US,test,5,5,1434,-0.02916460237573136,-0.7016670740820835,0.48288681127034194,0.5906555090655509,0.49860529986053,0.5013947001394701,0.944081276392549,0.5906555090655509,-0.09205020920502091,-2.630572446691792,0.008524119938486107
14,US,test,5,22,1417,-0.006985229485472293,-0.3158331639293519,0.7521291443728684,0.5920959774170783,0.4982357092448836,0.5017642907551164,0.9456189671328604,0.5920959774170783,-0.09386026817219481,-1.4106633700132685,0.15834389658715964
15,US,test,22,1,1438,0.07815900315875053,1.250498302066007,0.21111757518710406,0.5361613351877608,0.4749652294853964,0.5250347705146037,0.055675968777563596,0.5361613351877608,-0.06119610570236436,-2.926632455862713,0.0034265356034990646
16,US,test,22,5,1434,0.09344457450046113,1.2311550315286406,0.21826488642162534,0.5906555090655509,0.46373779637377965,0.5362622036262203,0.11614139476068092,0.5906555090655509,-0.12691771269177127,-3.2370214312434564,0.001207843405107138
17,US,test,22,22,1417,-0.0739095778877042,-0.9996939521593977,0.31745863976262567,0.5920959774170783,0.5088214537755822,0.4911785462244178,0.8344945394583945,0.5920959774170783,-0.08327452364149614,-1.052190567138245,0.2927121264065413
18,KR,dev,1,1,3946,9.515318628725792e-05,0.005898494403400475,0.9952937096739546,0.5402939685757729,0.496705524581855,0.503294475418145,0.6842687744153929,0.5402939685757729,-0.04358844399391788,-3.483654472065899,0.0004946175983699206
19,KR,dev,1,5,3945,0.014007169100918992,1.3490712766509627,0.17731407314400482,0.5508238276299113,0.48719898605830164,0.5128010139416983,0.09583908873773386,0.5508238276299113,-0.06362484157160966,-3.3825511721768735,0.0007181589689339655
20,KR,dev,1,22,3928,0.0034108086796017277,0.5973647943539014,0.5502638533157841,0.5188391038696538,0.4915987780040733,0.5084012219959266,0.31287138528691183,0.5188391038696538,-0.02724032586558045,-0.8334272940132169,0.4046037867384231
21,KR,dev,5,1,3949,-0.019242150698696617,-0.8540488609875175,0.3930779171392551,0.5403899721448467,0.5062041023043808,0.49379589769561916,0.41075945833477445,0.5403899721448467,-0.034185869840465954,-2.7856701353137834,0.005341719960599298
22,KR,dev,5,5,3948,0.004311840223129214,0.1666648544171063,0.8676337608003131,0.5504052684903749,0.48505572441742656,0.5149442755825735,0.2176145930190907,0.5504052684903749,-0.06534954407294835,-2.876814918230239,0.004017111347439914
23,KR,dev,5,22,3931,-0.010245563660690888,-0.662006562620363,0.5079670158485099,0.5184431442381073,0.4978377003307047,0.5021622996692954,0.8820295755079202,0.5184431442381073,-0.020605443907402706,-0.5793171946242267,0.5623751655065073
24,KR,dev,22,1,3949,0.005843311803761763,0.14418558995410757,0.8853539195918615,0.5403899721448467,0.49379589769561916,0.5062041023043808,0.47446852295926545,0.5403899721448467,-0.04659407444922767,-3.6316690665384628,0.0002815940829586115
25,KR,dev,22,5,3948,0.006404536764587132,0.12327659898152844,0.9018880707807255,0.5504052684903749,0.4878419452887538,0.5121580547112462,0.4040433042714454,0.5504052684903749,-0.0625633232016211,-2.730617995711727,0.006321569882794368
26,KR,dev,22,22,3931,-0.03145999743532971,-0.7084588467765344,0.4786603596798783,0.5184431442381073,0.505723734418723,0.494276265581277,0.7762988225679095,0.5184431442381073,-0.012719409819384372,-0.3454262659121752,0.7297739336494287
27,KR,test,1,1,1402,0.02699311023622013,1.1447628722521246,0.2523073990899519,0.5427960057061341,0.48288159771754635,0.5171184022824536,0.15184367595222562,0.5427960057061341,-0.05991440798858774,-2.940445185677218,0.0032774098403334324
28,KR,test,1,5,1398,0.013782012005876691,0.7354849658144362,0.46204419279173203,0.5486409155937053,0.4971387696709585,0.5028612303290415,0.8514134632964228,0.5486409155937053,-0.05150214592274678,-1.5010245513812839,0.133349211549589
29,KR,test,1,22,1381,-0.014374125595510176,-1.7173176778909356,0.08592114377370326,0.49094858797972485,0.5293265749456916,0.4706734250543084,0.04974759251604012,0.5090514120202752,0.020275162925416375,0.45897984240211126,0.6462486415271623
30,KR,test,5,1,1402,0.05979032040688002,1.4693527298425169,0.14173714153747796,0.5427960057061341,0.48074179743223966,0.5192582025677603,0.1816919683108762,0.5427960057061341,-0.06205420827389445,-2.6818129498749537,0.007322438961149922
31,KR,test,5,5,1398,0.05027761750515543,1.121351046321144,0.26213846505815686,0.5486409155937053,0.4971387696709585,0.5028612303290415,0.8945812021380218,0.5486409155937053,-0.05150214592274679,-1.3292912446907774,0.183751901674728
32,KR,test,5,22,1381,0.010516001149387048,0.3520984137044437,0.7247644579982546,0.49094858797972485,0.499637943519189,0.500362056480811,0.9873714058294836,0.5090514120202752,-0.009413468501086165,-0.20881936693997832,0.8345892519853293
33,KR,test,22,1,1402,0.08646944975862549,1.1932204729390055,0.23278303869544859,0.5427960057061341,0.48002853067047074,0.5199714693295292,0.15518993536893214,0.5427960057061341,-0.06276747503566335,-2.719735403440791,0.006533417258603838
34,KR,test,22,5,1398,0.0013268295088848746,0.013946480790012776,0.988872679019963,0.5486409155937053,0.5128755364806867,0.48712446351931327,0.5874230205120319,0.5486409155937053,-0.0357653791130186,-0.9583188997710956,0.337901976345644
35,KR,test,22,22,1381,-0.08761952067840258,-1.069041959250123,0.28505076292908405,0.49094858797972485,0.5517740767559739,0.4482259232440261,0.0863284718730622,0.5090514120202752,0.04272266473569878,0.763252533445816,0.44531280426653264
