,market,sample,h,cut_ret_pct,n_big,share_after_big,share_after_other,diff,t,p
0,US,dev,1,-1.8466704055586902,202,0.6138613861386139,0.5456447815851425,0.06821660455347328,2.176870998688973,0.029490193819301715
1,US,dev,5,-1.8469140370961856,202,0.5603545163085277,0.5701170069240731,-0.009762490615543315,-0.4157448583667182,0.6775967124522492
2,US,dev,22,-1.847735086016522,201,0.553763257095359,0.5422624793144143,0.011500777780946976,0.7036030662378027,0.48168000130681254
3,US,test,1,-1.6241331869786446,72,0.4166666666666667,0.5424597364568082,-0.12579306979014282,-2.4930124221326584,0.012666441477190135
4,US,test,5,-1.6247305375191967,72,0.5506548476963835,0.5789137574295322,-0.028258909733149002,-0.7322387297575851,0.4640228689769079
5,US,test,22,-1.627979458784914,71,0.5670907194725405,0.5507746920909401,0.016316027381600318,0.5521547342421549,0.5808423443742377
6,KR,dev,1,-1.9347207133795763,198,0.5909090909090909,0.537723273793655,0.05318581711542774,1.5622492798100474,0.11822927546041452
7,KR,dev,5,-1.940551597009996,198,0.5722575118119282,0.5482755910988301,0.02398192071309993,0.8333491137413651,0.4046478646169419
8,KR,dev,22,-1.945421690739746,197,0.5396082693382024,0.5177146285426781,0.021893640795527157,1.3104637233919458,0.1900390086159588
9,KR,test,1,-2.3014135796474378,71,0.6056338028169014,0.5394440270473329,0.06618977576957122,1.415331836447689,0.15697122477277659
10,KR,test,5,-2.3040801518369847,70,0.6319996981853782,0.5428034338123997,0.08919626437297733,2.219560729582135,0.026448600503864203
11,KR,test,22,-2.269222237268398,70,0.5696718871553015,0.512995377218213,0.05667650993708854,2.001453033318996,0.04534359036711257
