,freq,market,unit,k,h,n,beta,t,p,future_up_rate,hit_reversal,hit_continuation,p_reversal_vs_50,hit_baseline,reversal_minus_baseline,t_vs_baseline,p_vs_baseline
0,60m,US,index,1,1,720,0.013000204955805436,0.3682118210390138,0.7127152966831175,0.5138888888888888,0.5319444444444444,0.46805555555555556,0.11871444490867256,0.5138888888888888,0.018055555555555554,0.6591250981379202,0.5098154400811294
1,60m,US,panel,1,1,35993,-0.0013806751109234664,-0.14519760245583108,0.8845548588383416,0.511043814074959,0.49701330814325007,0.5029866918567499,0.35826948223669874,0.511043814074959,-0.014058956916099773,-1.9098261652112745,0.056155599190909795
2,60m,US,index,1,5,716,0.004587557791011079,0.210139391831444,0.8335588815677216,0.4762569832402235,0.4888268156424581,0.5111731843575419,0.5434117773477285,0.5237430167597765,-0.03491620111731843,-0.846056851961524,0.39752102966605374
3,60m,US,panel,1,5,35793,-0.013727307471349447,-2.1696692733476795,0.030031909374651822,0.49157656525018856,0.5084793115972397,0.4915206884027603,0.030164590562134393,0.5084234347498114,8.208870140235345e-05,0.006009143934989543,0.9952054256858422
4,60m,US,index,5,1,716,-0.02387724347934995,-0.3870556558877674,0.6987150053572772,0.5111731843575419,0.5013966480446927,0.49860335195530725,0.9371352659604907,0.5111731843575419,-0.009776536312849164,-0.3769173572814225,0.7062350218995628
5,60m,US,panel,5,1,35793,-0.025868332848546987,-1.317772595475978,0.18757978435038214,0.5097644790880899,0.5053502081412566,0.49464979185874336,0.21185711413182695,0.5097644790880899,-0.004435070117432451,-0.6061922843317215,0.54438707571516
6,60m,US,index,5,5,712,-0.001022229499710309,-0.01943848044921965,0.9844913132414868,0.47331460674157305,0.4606741573033708,0.5393258426966292,0.12894300656003874,0.526685393258427,-0.06601123595505617,-1.5133360812640342,0.13019431206221596
7,60m,US,panel,5,5,35593,-0.03836094022116166,-1.8204684740831234,0.06868769299912134,0.4901806534992836,0.5076559997752367,0.4923440002247633,0.3607439446955505,0.5098193465007165,-0.002129098830543453,-0.14358652207905107,0.8858269841850402
8,60m,KR,index,1,1,727,-0.050005984680750126,-1.3418303715755304,0.17965100212551477,0.5006877579092159,0.5006877579092159,0.49931224209078406,0.9710904898251667,0.5006877579092159,8.673617379884035e-19,3.384027908790783e-17,1.0
9,60m,KR,panel,1,1,36301,-0.003213442636248351,-0.28949711381596577,0.7722009882263405,0.4714195201234126,0.4997933941213741,0.5002066058786259,0.9706368716525267,0.5285804798765874,-0.028729191814277286,-3.2241484525549007,0.0012634788217482686
10,60m,KR,index,1,5,723,-0.045928006412548066,-2.2954334208981537,0.021708297883985893,0.44951590594744123,0.5352697095435685,0.46473029045643155,0.0675408456334454,0.5504840940525588,-0.015214384508990321,-0.4368723036919432,0.6622039589434311
11,60m,KR,panel,1,5,36108,-0.001357162483437726,-0.21944442117061805,0.8263038700945776,0.4951811232967763,0.498670654702559,0.501329345297441,0.6925664016794435,0.5048188767032237,-0.00623535721342479,-0.4514948173881433,0.6516329594664767
12,60m,KR,index,5,1,723,-0.13811033244271514,-1.8640965264065386,0.06230815026161459,0.5006915629322268,0.5394190871369294,0.46058091286307057,0.027700115566665916,0.5006915629322268,0.03872752420470263,1.4748869217049445,0.14024294699126902
13,60m,KR,panel,5,1,36108,0.022038211100182878,1.3069077219709444,0.19124405321718618,0.47083748753738786,0.491663897197297,0.508336102802703,0.038492837635537513,0.5291625124626121,-0.037459000197589395,-4.05376379201823,5.040010767222001e-05
14,60m,KR,index,5,5,719,-0.1113964594624616,-2.464394415689283,0.013724499279386864,0.4506258692628651,0.545201668984701,0.454798331015299,0.041597772081848006,0.5493741307371349,-0.0041724617524339395,-0.09907247706224309,0.9210807246771602
15,60m,KR,panel,5,5,35915,0.004244231470710804,0.2391618316024811,0.8109800978816051,0.49508561882221913,0.49895586802171793,0.5010441319782821,0.8768331823952825,0.5049143811777809,-0.006031619880219124,-0.42204403855716033,0.6729928735422785
16,5m,US,index,1,1,59,-0.1848099899067453,-1.9201001104754771,0.05484525535611404,0.4067796610169492,0.6101694915254238,0.38983050847457623,0.08224004703670755,0.5932203389830508,0.016949152542372878,0.17236854097299112,0.8631478026577362
17,5m,US,panel,1,1,2949,-0.08089540361270212,-1.8314660591108405,0.06703100921056435,0.49847405900305186,0.5211936249576128,0.4788063750423872,0.20412040323261005,0.5015259409969481,0.0197094430992736,0.8918667517905332,0.3724643575199227
18,5m,US,index,1,5,55,-0.09551521198898485,-3.0198850230511396,0.0025287066018645963,0.34545454545454546,0.6,0.4,0.24938343762680693,0.6545454545454545,-0.05454545454545457,-0.3869467246212329,0.6987956490654363
19,5m,US,panel,1,5,2749,0.006753736794514448,0.4503409212650928,0.6524646368197375,0.4907238995998545,0.49108766824299743,0.5089123317570026,0.5440206523501463,0.5092761004001455,-0.01817439703153989,-0.5045610952077956,0.6138671409479112
20,5m,US,index,5,1,55,-0.8234878427068397,-1.8867698817793255,0.05919128374312236,0.4,0.5454545454545454,0.4545454545454546,0.44493345937139395,0.6,-0.05454545454545453,-0.5450712205353397,0.5857045353642594
21,5m,US,panel,5,1,2749,0.040550811606262754,0.7469915780154001,0.45506864460327,0.4994543470352856,0.49399781738814114,0.5060021826118588,0.5551390961057646,0.5005456529647144,-0.0065380333951762515,-0.38127743626554517,0.7029973946737657
22,5m,US,index,5,5,51,-0.35365567331289105,-1.5866211573047238,0.11259847266995437,0.3137254901960784,0.43137254901960786,0.5686274509803921,0.3561747091444968,0.6862745098039216,-0.2549019607843137,-1.9063591201503276,0.05660362872125069
23,5m,US,panel,5,5,2549,0.037840216196164816,0.8780012420435247,0.379943044684912,0.4911730090231463,0.5033346410357002,0.49666535896429975,0.8099856682607872,0.5088269909768537,-0.005450180072028809,-0.1566067876319047,0.875554752801907
24,5m,KR,index,1,1,58,0.10005846477616182,0.8465262238171005,0.39725925101993453,0.43103448275862066,0.46551724137931033,0.5344827586206897,0.4354113391286002,0.5689655172413793,-0.10344827586206895,-1.2815035828708565,0.20001684227623062
25,5m,KR,panel,1,1,2950,-0.004439665199712765,-0.17748631943495902,0.8591264101514169,0.5515254237288135,0.5077966101694915,0.4922033898305085,0.5724098899065482,0.5515254237288135,-0.043728813559322045,-1.2194127838098594,0.2226875602619891
26,5m,KR,index,1,5,54,-0.07566684930317848,-1.7790276133656076,0.07523523494334684,0.46296296296296297,0.6111111111111112,0.38888888888888884,0.11700983829634465,0.5370370370370371,0.07407407407407407,0.504278642542532,0.614065583554506
27,5m,KR,panel,1,5,2750,-0.021088446907878044,-1.4628301692767014,0.14351385562365448,0.6461818181818182,0.4989090909090909,0.501090909090909,0.9322475232107398,0.6461818181818182,-0.14727272727272725,-4.16417703926947,3.124775882104108e-05
28,5m,KR,index,5,1,54,-0.34051634514698764,-1.0037852530926947,0.31548213397863867,0.42592592592592593,0.5370370370370371,0.4629629629629629,0.6109488640863152,0.5740740740740741,-0.037037037037037035,-0.3330078103581073,0.7391283875116587
29,5m,KR,panel,5,1,2750,-0.06437306895445188,-0.842637995660378,0.3994309342824831,0.5396363636363637,0.5003636363636363,0.49963636363636366,0.979553124506967,0.5396363636363637,-0.03927272727272728,-1.146503919712638,0.25158670630716196
30,5m,KR,index,5,5,50,-0.05951349288681439,-0.3965803437433386,0.6916769498575073,0.44,0.54,0.45999999999999996,0.7243173013764689,0.56,-0.02,-0.12336332573146584,0.9018193970251627
31,5m,KR,panel,5,5,2550,-0.035411252196299904,-0.7986895940199845,0.42447042213291875,0.6349019607843137,0.47098039215686277,0.5290196078431373,0.15307537676872776,0.6349019607843137,-0.16392156862745094,-3.2688406353817725,0.0010798910541542988
32,10m,US,index,1,1,59,-0.09396695918188164,-0.8860906588402014,0.3755686762494703,0.4576271186440678,0.559322033898305,0.44067796610169496,0.393263446589054,0.5423728813559322,0.016949152542372878,0.14137019443929405,0.8875774991588327
33,10m,US,panel,1,1,2949,-0.086961676773038,-2.4334667751250816,0.014955007860751667,0.49643947100712105,0.529331976941336,0.47066802305866395,0.038074761211211776,0.503560528992879,0.025824974057419573,1.2582606266951804,0.20829751558084608
34,10m,US,index,1,5,55,-0.027430441216413096,-0.885833284628098,0.37570737099503493,0.32727272727272727,0.509090909090909,0.49090909090909096,0.9009198694386644,0.6727272727272727,-0.16363636363636366,-1.206778773193092,0.22751735289060626
35,10m,US,panel,1,5,2749,-0.015976594854381642,-1.3625635221099075,0.17302011176575693,0.4612586395052746,0.5034558021098581,0.4965441978901419,0.6646644945353792,0.5387413604947253,-0.03529499072356215,-1.6518779846117175,0.09855942687556173
36,10m,US,index,5,1,55,-0.27183602638964194,-0.6654774121060004,0.5057451861916803,0.43636363636363634,0.4909090909090909,0.509090909090909,0.889220707137191,0.5636363636363636,-0.07272727272727272,-0.6943484233734099,0.48746373032308565
37,10m,US,panel,5,1,2749,-0.053125924155413486,-1.3065347739294935,0.19137076151188437,0.49690796653328484,0.5038195707530011,0.4961804292469989,0.6839238634028196,0.5030920334667152,0.0007495361781076054,0.05601864749380544,0.9553269519344354
38,10m,US,index,5,5,51,-0.19652909090885817,-0.9816369993466701,0.3262787128838166,0.3137254901960784,0.45098039215686275,0.5490196078431373,0.5362996877850392,0.6862745098039216,-0.23529411764705882,-1.545761044033954,0.12216228845121808
39,10m,US,panel,5,5,2549,0.013726832631443277,0.3697511984104411,0.7115678801581198,0.46684974499803844,0.49352687328364064,0.5064731267163594,0.5654678588107,0.5331502550019616,-0.03966386554621847,-1.694770848230691,0.09011889964380922
40,10m,KR,index,1,1,58,-0.05222226080588471,-0.47120701406890864,0.6374929103462099,0.43103448275862066,0.603448275862069,0.39655172413793105,0.056184610129777886,0.5689655172413793,0.034482758620689655,0.48892224036884613,0.624896749480798
41,10m,KR,panel,1,1,2950,-0.038328783958155935,-1.232536489397873,0.2177487447179942,0.5105084745762711,0.5172881355932203,0.4827118644067797,0.14192443170116112,0.5105084745762711,0.006779661016949154,0.1840934749396516,0.8539401252433332
42,10m,KR,index,1,5,54,-0.0867615897919224,-2.5389347474379904,0.011119055946754986,0.4444444444444444,0.5555555555555556,0.4444444444444444,0.37910975199361774,0.5555555555555556,0.0,0.0,1.0
43,10m,KR,panel,1,5,2750,-0.025281281780200986,-1.6266955859588026,0.10380176669884343,0.5770909090909091,0.5174545454545455,0.4825454545454545,0.3502623151794312,0.5770909090909091,-0.059636363636363654,-0.9949502838783423,0.319760444938462
44,10m,KR,index,5,1,54,-0.6438033381511999,-1.925492519818744,0.05416777087465907,0.4444444444444444,0.5370370370370371,0.4629629629629629,0.5318507626838445,0.5555555555555556,-0.018518518518518517,-0.23761048677422966,0.8121832161678524
45,10m,KR,panel,5,1,2750,-0.08022787632216546,-0.8950088433085107,0.37078236068129167,0.5,0.5163636363636364,0.48363636363636364,0.35832122543927647,0.5,0.016363636363636375,0.40421157588323686,0.6860571420462096
46,10m,KR,index,5,5,50,-0.22091364241667888,-1.9684378941480918,0.04901767540584137,0.42,0.68,0.31999999999999995,0.020206275748300133,0.58,0.1,0.9905007256320925,0.3219294346582957
47,10m,KR,panel,5,5,2550,-0.05728567854107316,-1.3412839620593695,0.1798282748859087,0.5564705882352942,0.5192156862745098,0.48078431372549024,0.5097798153475359,0.5564705882352942,-0.037254901960784306,-0.5395315835684497,0.5895201101138183
