,IVOL,MAX,RSJ,RSkew
2010-01,0.0154510972286198,0.010487337736430822,-0.02740397520433344,-0.00918977318819166
2010-02,0.014261180806828035,0.010054724265865258,-0.031310925605129394,-0.012241956720733839
2010-03,0.020928136390775925,0.015165141214810695,-0.029350297792729876,-0.01171310644535448
2011-12,-0.02394844154023421,-0.022363178481089194,0.010532096830611718,0.0037442160311840092
2012-01,-0.01288288055283411,-0.02175483402814296,-0.004998413656147121,-0.004454189838148281
2012-02,-0.00783511737298348,-0.018321002018504985,-0.003794323908892163,-0.005000277582906309
2012-03,-0.011053785953800705,-0.021038447647380075,-0.013981629638228922,-0.012293684615065557
2012-04,-0.014061642660950734,-0.026363570346191953,-0.021237920980999265,-0.017759662630234915
2012-05,-0.01853530627776377,-0.032229112328230364,-0.020148875815705604,-0.01886753367185598
2012-06,-0.018753748682394437,-0.03570431912988955,-0.021339255952437804,-0.02047274783814921
2012-07,-0.017745608029950514,-0.03594220425462919,-0.017163846191467404,-0.017031289235841535
2012-08,-0.015243355556736012,-0.030498853621185238,-0.01573046986285929,-0.013724148888731986
2012-09,-0.013585073558738912,-0.02825060549493787,-0.016116285948085514,-0.013127445581828386
2012-10,-0.013009375794858734,-0.018557306111012986,-0.015781923945395456,-0.009595826236547214
2012-11,-0.013715384564634458,-0.018038583585536526,-0.01649880249719598,-0.008215633860536432
2012-12,-0.0016804791074744468,-0.009004768821778876,-0.015389908613498616,-0.007619003302769566
2013-01,-0.0037763402283510776,-0.009592501781708252,-0.01296694822760046,-0.008170846693486826
2013-02,-0.012562954161812169,-0.017086392557505325,-0.013094453090103564,-0.009662795763723139
2013-03,-0.01203758304428551,-0.015704976124186414,-0.013226384962800753,-0.008824216945787692
2013-04,-0.011900309034767919,-0.01549932752547634,-0.012844338189257268,-0.009719388849673678
2013-05,-0.005794079750255323,-0.01345779856496606,-0.015044400700131265,-0.009582171759075503
2013-06,-0.008565769784778906,-0.012685535931582028,-0.007787650123931915,-0.004609741182083917
2013-07,-0.005669916619367392,-0.008645267095341953,-0.010244563769847708,-0.004480669575572554
2013-08,-0.000776472848321099,0.00022410704589903596,-0.00017130335859049176,0.0030007131176599047
2013-09,-0.00028997160497785707,-2.5465991242999697e-05,0.005119495742815495,0.005567684238326251
2013-10,0.0023334165502513853,-0.00012869973572011886,-0.010301016710664189,-0.004541733526677441
2013-11,-0.000652968716068455,-0.0016408269055791583,-0.01363408008170441,-0.006505126735778973
2013-12,0.0037490403687478408,0.00163818970525944,-0.02097990647047404,-0.01277853704421551
2014-01,0.011403380408850397,0.006037420693938792,-0.023664600661312624,-0.015946954155282796
2014-02,0.014012002280511885,0.0093955452520884,-0.022446620777878984,-0.016036276188582475
2014-03,0.011349641191694307,0.005059416809536397,-0.020263108486456613,-0.015347778161436766
2014-04,0.009952600306588788,0.004927204644948198,-0.015238233605955945,-0.011028222702366128
2014-05,0.006532509096151453,0.00025900577486601627,-0.025602666027944497,-0.019690775460021924
2014-06,0.012887845502844915,0.0037713394178219214,-0.02765151192431596,-0.02167193058409618
2014-07,0.01879443545234185,0.01139037043108451,-0.02859853569176352,-0.022271131567045088
2014-08,0.021740921820941648,0.016859693662281683,-0.024161044565577765,-0.020666930441176616
2014-09,0.016131709159221398,0.018175560078473856,-0.005630027391061698,-0.006599665079848922
2014-10,0.009452056198332165,0.015423844594514222,-0.004366492653023503,-0.006484629304331984
2014-11,0.006004483758642364,0.00736350187852503,-0.006008544156253249,-0.01034880483850226
2014-12,0.0034555011613246426,0.003222488570215438,-0.0036383560144438902,-0.009791238459078276
2015-01,0.0017458723636358444,0.0012150050564509244,-0.007557295611618163,-0.010919702437157685
2015-02,0.0008568609694076679,0.003660075610197536,-0.0010926459400676914,-0.00707108134652143
2015-03,-0.0023950745138038333,0.0009354897358846961,0.00938864186737134,0.0012401968186309725
2015-04,0.0031433794829669303,0.00512129392591745,0.012641706917959543,0.004010002144009023
2015-05,-0.011034313134695588,-0.0058017286564350425,0.022313397759421524,0.010810322847085836
2015-06,-0.022907831285951353,-0.01585898612729195,0.021893715288269996,0.011826602529816523
2015-07,-0.023679272351313594,-0.013457639451503686,0.025708766774546813,0.016736522679409557
2015-08,-0.025431170641952723,-0.01283404560485378,0.03072422247040304,0.01812863960764595
2015-09,-0.020795949588749384,-0.010924735615945666,0.02158989348831876,0.009696750849949112
2015-10,-0.02145905619684954,-0.01095306300945723,0.020448165184446747,0.00945079872435479
2015-11,-0.024654730172643902,-0.012126388923284197,0.023061159705717395,0.010628201559500783
2015-12,-0.023399480963145217,-0.013075132280895331,0.021930690182538463,0.010030614607006366
2016-01,-0.02847989507811928,-0.018853809323833817,0.028198414925377432,0.014020108951202872
2016-02,-0.02880370816868463,-0.024100991942865663,0.02290735266947553,0.008956534549847024
2016-03,-0.018513351517550083,-0.015824966079958893,0.02297156097675396,0.009819025064467598
2016-04,-0.015780816941238836,-0.010438017253172076,0.028734160585373817,0.016323258418954312
2016-05,-0.010348287890830334,-0.002106736876991793,0.030695320260534703,0.01886201392071499
2016-06,-0.012802490007954784,-0.00959962043254315,0.025067518515313844,0.011802152082258
2016-07,-0.016190104623327,-0.011898865712438665,0.02724454250840036,0.015006705153719352
2016-08,-0.012530213614591706,-0.008449467007762201,0.025257436384295985,0.012960012605009378
2016-09,-0.015612860483846028,-0.009314654527096436,0.025682175050326127,0.012743195864759553
2016-10,-0.004290302551486557,0.0011223595314370923,0.02546245653514112,0.012419313408997643
2016-11,-0.00019814520697180107,0.008046385676771184,0.034461022286629985,0.020173963344574317
2016-12,0.0018320437072822937,0.004224053462921569,0.02901394546420797,0.014319589488348394
2017-01,-0.00346574068239432,-0.001580396500176034,0.01741893586606524,0.009253005853659573
2017-02,-0.007004334776307109,-0.00587647822447766,0.011315862139520025,0.006141266560914045
2017-03,0.00038683372615922525,0.0019253605117900972,0.026201599584385185,0.01646276981584489
2017-04,-0.002612911826867727,0.0014377649341078215,0.025062834495326685,0.017178709454731166
2017-05,-0.007051284151309964,-0.0013790335366456535,0.026808473713930067,0.017512125491478577
2017-06,-0.002181990686171602,0.003078358648065554,0.027009203203666725,0.018636867435052024
2017-07,0.004994471613972157,0.007549708801788664,0.012470638501725178,0.01078265385579661
2017-08,-0.002428847818650536,6.181386368294263e-05,0.005362585740710225,0.005936749574041982
2017-09,-0.0007188981498704406,-0.0013961117746252745,0.0026421061385376887,0.0021623718882003698
2017-10,-0.005387512184863885,-0.008012674702216671,-0.004280813946557929,-0.002589294595485651
2017-11,-0.0011160120481870667,-0.004291126830815504,-0.0007318236261687201,0.0002650463027954414
2017-12,0.00893564847753712,0.0056179954011190605,-0.01201212275738448,-0.005752187893873858
2018-01,0.003875400427846669,0.0013342010128610299,-0.020282055484250005,-0.01176841974687864
2018-02,0.005187944182255,0.0023023593807547683,-0.018864002153175106,-0.011158109156273768
2018-03,0.012510161432919938,0.008292933223970627,-0.01831409641000477,-0.009566933610417393
2018-04,0.00949433344179286,0.005694082906899257,-0.03009683271487648,-0.01949082956230319
2018-05,0.007861847582552643,0.005491188251876647,-0.026740291030602714,-0.015040957554130591
2018-06,0.011053516022388476,0.007634485567522695,-0.016999554068819825,-0.008432374946803605
2018-07,0.010593531043136175,0.006321630926002672,-0.01060644719627319,-0.005185844847508638
2018-08,0.010354521185575899,0.008265470954505428,-0.019462961751424535,-0.010101825406000882
2018-09,0.011140916235845734,0.009034077406220638,-0.01354379311957547,-0.005098677749632616
2018-10,0.023276824210246766,0.021638364452469992,-0.0005113703020624659,0.002473253317096737
