,,Q1,Q2,Q3,Q4,Q5,LS_mean,LS_t,LS_ann_sharpe,monotonic_rho,long_minus_bench,long_minus_bench_t,bench_minus_short,bench_minus_short_t
RSJ,EW,0.0025682368086834325,0.006170519602844978,0.0019559343639980725,0.0036736391726240047,0.007729098883740134,0.005160862075056703,1.6520283757269945,0.42969159703899845,0.49999999999999994,0.003309452197378126,1.5542096566746328,0.001851409877678577,1.3012311014950486
RSJ,SW,0.005668570327255781,0.006588437302386295,0.0034784621049939526,0.003822891245863067,0.006424107646315216,0.0007555373190594348,0.20800725975545353,0.05536198493929441,-0.09999999999999999,0.0020044609599532076,0.7494918076744567,-0.001248923640893774,-0.4870453275246999
RSkew,EW,0.0037706829679678283,0.004756321266539509,0.0026644060290302294,0.003674641476809394,0.0072288648211526274,0.003458181853184802,1.1729125934236722,0.3343336495785655,0.19999999999999998,0.002809218134790621,1.4596837886091867,0.0006489637183941805,0.47288839648707454
RSkew,SW,0.0051975695084562155,0.007311434667042679,0.004132597407639129,0.004399900505934845,0.004023662602383208,-0.0011739069060730065,-0.32767716597668717,-0.10058810485868777,-0.7999999999999999,-0.0003959840839787996,-0.15382576393422967,-0.0007779228220942071,-0.2991830827105084
MAX,EW,0.0018988040307968022,0.00438361414674335,0.0045181436392619295,0.003570207426215311,0.007725620223053353,-0.005826816192256552,-1.6395509278204852,-0.5159135620434018,0.7,-0.0025208426555652077,-1.6671359048490118,-0.003305973536691344,-1.3962861200261574
MAX,SW,0.0043430629180372686,0.004761349121857936,0.005028036026032375,0.004544465553474061,0.005819682301544041,-0.0014766193835067719,-0.36688145417790563,-0.10749020473974029,0.7,-7.658376832473909e-05,-0.027831448726265792,-0.0014000356151820331,-0.5538118174828329
IVOL,EW,0.0012248781832219465,0.004493418787751924,0.0038515804213254067,0.005835710835728554,0.006678362747029091,-0.005453484563807144,-1.5505248070860398,-0.4663794794434532,0.8999999999999998,-0.0031947685031400623,-2.0121553803329006,-0.002258716060667081,-1.0382222705028694
IVOL,SW,0.006591503802542902,0.005560344075579918,0.0004100642477730657,0.006512130541256342,0.0074590785717225,-0.0008675747691795982,-0.19411366787742776,-0.054625631178607345,0.3,0.002171857116180893,0.6176501995415655,-0.0030394318853604915,-1.2483003956177703
REV,EW,0.0041961200102606025,0.003312127894233973,0.003743444490749657,0.002221903362207916,0.008584708742108253,-0.004388588731847651,-1.2189027798778393,-0.32805452690102277,0.09999999999999999,-0.00022352667610140608,-0.13129313242695695,-0.004165062055746245,-1.855758942971546
REV,SW,0.00595705444214914,0.006823840441995984,0.0029919711716938223,0.0029408105616139297,0.0067502369813994215,-0.0007931825392502805,-0.22147152696011274,-0.05676847569061191,-0.19999999999999998,0.001537407755787132,0.617077910374137,-0.0023305902950374125,-0.917626610884405
