,count,mean,std,min,5%,50%,95%,max,avg_stocks_per_month
RSJ,26010.0,0.04793587015297964,0.39981220834805054,-0.987299385777447,-0.6244473428651705,0.0575363745993662,0.6872124354717758,0.9990592894454541,198.54961832061068
RSkew,26010.0,0.16372406401506193,0.9982000133441287,-4.124259433336361,-1.4521755837518158,0.1877221627242228,1.7289893968741568,4.127631711815363,198.54961832061068
MAX,26010.0,0.04833774855991111,0.029489645525916115,0.0024968801985876254,0.018036362486098412,0.04190940307720936,0.09921165007094776,0.2623642644674913,198.54961832061068
IVOL,26010.0,0.020428777453866634,0.009485794070369785,0.0013601818305957775,0.00970317618369565,0.018618702752905537,0.036584818695309516,0.13583434558682822,198.54961832061068
REV,26010.0,0.004152034449167661,0.10783135964499134,-0.6034017968839116,-0.15881728472213502,8.581927340500783e-05,0.17363415995346781,1.2585271838745182,198.54961832061068
SIZE,26010.0,28.519351667476894,1.123005307201378,26.502105138743882,27.026579534747963,28.31533709371226,30.6207742906191,33.61793657180568,198.54961832061068
ILLIQ,26010.0,5.921751050079044e-06,3.958386279732796e-05,8.774311417394597e-09,2.0077696357742834e-07,1.8975461996179072e-06,1.805954901232396e-05,0.0032870091341167178,198.54961832061068
MOM,22896.0,0.09646649026584761,0.5611772743503194,-0.909049010132186,-0.38817375470932625,-0.00820768498954999,0.8950883704715834,20.905562619055893,198.54961832061068
fwd_ret,26010.0,0.004381853767982243,0.10794758909624799,-0.5691571564358124,-0.15205801807704122,-0.0025776299849706863,0.17970753919787952,1.2847937010645025,198.54961832061068
