,h_months,mean_IC,t_NW
RSJ,1,-0.01796407247124713,-1.5680071832993656
RSJ,2,-0.016587842479916518,-1.314114815629837
RSJ,3,-0.007039409577870267,-0.5479341705507741
RSJ,6,-0.0036978260762692873,-0.33854342208825156
RSkew,1,-0.013817886755391626,-1.3004248164357342
RSkew,2,-0.013526394974131693,-1.2043542718861195
RSkew,3,-0.007676311110836945,-0.6480355763060556
RSkew,6,-0.0031352088000406375,-0.30732608978001547
MAX,1,-0.0006331338315912426,-0.039755454281193446
MAX,2,0.0032869860060608597,0.17080605580498356
MAX,3,0.004177828799549822,0.17617079466164606
MAX,6,0.011757901793426284,0.3732863148325746
IVOL,1,0.005172445363706391,0.3868146396647103
IVOL,2,0.0033686120666923296,0.17771739143368043
IVOL,3,0.0011456633303623936,0.050157218002561406
IVOL,6,0.000628438994049069,0.02036729557059082
REV,1,-0.020131966410934052,-1.5173361395529597
REV,2,-0.016299642725367793,-1.1383477239514572
REV,3,-0.004747881434992163,-0.3316680805001846
REV,6,-0.0006552979341088627,-0.0552830225471069
